BEGIN;

TRUNCATE
  users,
  posts, 
  folders
  RESTART IDENTITY CASCADE;

INSERT INTO users (user_name, user_password, user_status, visibility, avatar)
VALUES 
  ('Peter', '$2y$04$zSU5VoU8VRDKOkQhKb2b4O9O0.MZ7IJRePwLq3R.9J9F/q7cyRg3y', 'admin', 'Public', 'https://res.cloudinary.com/pmcorrea/image/upload/v1583012322/k2o16y7t0nob9dhovfsw.jpg'),
  ('Alex', '$2y$04$dp8tcCEwYkLQBhYxxTPud.ERyc1QrWf09b1CwdNFj8ZTg5P8jzSyC', 'user', 'Public', 'https://res.cloudinary.com/pmcorrea/image/upload/v1583012260/pgtqux5axbybbrf39utu.jpg'),
  ('Sidney', '$2y$04$dp8tcCEwYkLQBhYxxTPud.ERyc1QrWf09b1CwdNFj8ZTg5P8jzSyC', 'user', 'Public', 'https://res.cloudinary.com/pmcorrea/image/upload/v1583012253/d6etblztcnrmqi4ezzsy.jpg'),
  ('Petra', '$2y$04$dp8tcCEwYkLQBhYxxTPud.ERyc1QrWf09b1CwdNFj8ZTg5P8jzSyC', 'user', 'Public', 'https://res.cloudinary.com/pmcorrea/image/upload/v1583012242/jlyttmp2brxbdpx84r5j.jpg'),
  ('Alice', '$2y$04$dp8tcCEwYkLQBhYxxTPud.ERyc1QrWf09b1CwdNFj8ZTg5P8jzSyC', 'user', 'Public', 'https://res.cloudinary.com/pmcorrea/image/upload/v1583012228/bt5uuxewpwoks5hayzly.jpg'),
  ('Johana', '$2y$04$dp8tcCEwYkLQBhYxxTPud.ERyc1QrWf09b1CwdNFj8ZTg5P8jzSyC', 'user', 'Public', 'https://res.cloudinary.com/pmcorrea/image/upload/v1583012228/jn4sj4kl3ldekkcy7ctj.jpg'),
  ('David', '$2y$04$dp8tcCEwYkLQBhYxxTPud.ERyc1QrWf09b1CwdNFj8ZTg5P8jzSyC', 'user', 'Public', 'https://res.cloudinary.com/pmcorrea/image/upload/v1583012228/shxysfpv9z1cddxc2nq4.jpg'),
  ('Sam', '$2y$04$dp8tcCEwYkLQBhYxxTPud.ERyc1QrWf09b1CwdNFj8ZTg5P8jzSyC', 'user', 'Public', 'https://res.cloudinary.com/pmcorrea/image/upload/v1583012228/ltkd3iyacomevtubcla1.jpg'),
  ('Jessica', '$2y$04$dp8tcCEwYkLQBhYxxTPud.ERyc1QrWf09b1CwdNFj8ZTg5P8jzSyC', 'user', 'Public', 'https://res.cloudinary.com/pmcorrea/image/upload/v1583012228/fo9truzqb2muj0tyf8iq.jpg'),
  ('Michael', '$2y$04$dp8tcCEwYkLQBhYxxTPud.ERyc1QrWf09b1CwdNFj8ZTg5P8jzSyC', 'user', 'Public', 'https://res.cloudinary.com/pmcorrea/image/upload/v1583012228/yc23ciwgahwh4kc5jacz.jpg');


INSERT INTO folders (user_id, folder_name)
VALUES 
  (1, 'Important'),
  (2, 'Important'),
  (3, 'Important'),
  (4, 'Important'),
  (5, 'Important'),
  (6, 'Important'),
  (7, 'Important'),
  (8, 'Important'),
  (9, 'Important'),
  (10, 'Important');

INSERT INTO posts (user_id, user_name, avatar, folder_id, post_name, modified, content, visibility)
VALUES 
(1, 'Peter', 'https://res.cloudinary.com/pmcorrea/image/upload/v1583012322/k2o16y7t0nob9dhovfsw.jpg', 1, 'Chicken Recipes', 'Mon, 1 Apr 2020 23:18:08 GMT', 'Lorem ipsum dolor sit amet, consectetur adipiscing elit, sed do eiusmod tempor incididunt ut labore et dolore magna aliqua. Viverra vitae congue eu consequat. Erat pellentesque adipiscing commodo elit at imperdiet dui accumsan sit. Ultrices neque ornare aenean euismod elementum. Rhoncus urna neque viverra justo nec ultrices dui sapien. Vel pretium lectus quam id. Tellus id interdum velit laoreet id donec ultrices tincidunt arcu. Sed arcu non odio euismod lacinia at quis. Risus in hendrerit gravida rutrum. Diam donec adipiscing tristique risus nec feugiat in fermentum. Varius duis at consectetur lorem.
Tellus in hac habitasse platea dictumst vestibulum rhoncus est. At erat pellentesque adipiscing commodo elit at imperdiet dui accumsan. Arcu non odio euismod lacinia at. Fermentum iaculis eu non diam. Sit amet commodo nulla facilisi. Interdum consectetur libero id faucibus nisl tincidunt eget. Maecenas ultricies mi eget mauris pharetra et. Lorem ipsum dolor sit amet consectetur adipiscing elit duis. Venenatis urna cursus eget nunc scelerisque. A arcu cursus vitae congue mauris rhoncus aenean vel. Adipiscing elit pellentesque habitant morbi tristique senectus. Adipiscing elit ut aliquam purus sit amet. Ac turpis egestas maecenas pharetra convallis posuere morbi leo.', 'Public'),
(1, 'Peter', 'https://res.cloudinary.com/pmcorrea/image/upload/v1583012322/k2o16y7t0nob9dhovfsw.jpg', 1, 'Docker Tutorial', 'Mon, 12 Apr 2020 23:18:08 GMT', 'Lorem ipsum dolor sit amet, consectetur adipiscing elit, sed do eiusmod tempor incididunt ut labore et dolore magna aliqua. Viverra vitae congue eu consequat. Erat pellentesque adipiscing commodo elit at imperdiet dui accumsan sit. Ultrices neque ornare aenean euismod elementum. Rhoncus urna neque viverra justo nec ultrices dui sapien. Vel pretium lectus quam id. Tellus id interdum velit laoreet id donec ultrices tincidunt arcu. Sed arcu non odio euismod lacinia at quis. Risus in hendrerit gravida rutrum. Diam donec adipiscing tristique risus nec feugiat in fermentum. Varius duis at consectetur lorem.
Tellus in hac habitasse platea dictumst vestibulum rhoncus est. At erat pellentesque adipiscing commodo elit at imperdiet dui accumsan. Arcu non odio euismod lacinia at. Fermentum iaculis eu non diam. Sit amet commodo nulla facilisi. Interdum consectetur libero id faucibus nisl tincidunt eget. Maecenas ultricies mi eget mauris pharetra et. Lorem ipsum dolor sit amet consectetur adipiscing elit duis. Venenatis urna cursus eget nunc scelerisque. A arcu cursus vitae congue mauris rhoncus aenean vel. Adipiscing elit pellentesque habitant morbi tristique senectus. Adipiscing elit ut aliquam purus sit amet. Ac turpis egestas maecenas pharetra convallis posuere morbi leo.', 'Public'),
(1, 'Peter', 'https://res.cloudinary.com/pmcorrea/image/upload/v1583012322/k2o16y7t0nob9dhovfsw.jpg', 1, 'Backpacking in Spain', 'Mon, 4 Apr 2020 23:18:08 GMT', 'Lorem ipsum dolor sit amet, consectetur adipiscing elit, sed do eiusmod tempor incididunt ut labore et dolore magna aliqua. Viverra vitae congue eu consequat. Erat pellentesque adipiscing commodo elit at imperdiet dui accumsan sit. Ultrices neque ornare aenean euismod elementum. Rhoncus urna neque viverra justo nec ultrices dui sapien. Vel pretium lectus quam id. Tellus id interdum velit laoreet id donec ultrices tincidunt arcu. Sed arcu non odio euismod lacinia at quis. Risus in hendrerit gravida rutrum. Diam donec adipiscing tristique risus nec feugiat in fermentum. Varius duis at consectetur lorem.
Tellus in hac habitasse platea dictumst vestibulum rhoncus est. At erat pellentesque adipiscing commodo elit at imperdiet dui accumsan. Arcu non odio euismod lacinia at. Fermentum iaculis eu non diam. Sit amet commodo nulla facilisi. Interdum consectetur libero id faucibus nisl tincidunt eget. Maecenas ultricies mi eget mauris pharetra et. Lorem ipsum dolor sit amet consectetur adipiscing elit duis. Venenatis urna cursus eget nunc scelerisque. A arcu cursus vitae congue mauris rhoncus aenean vel. Adipiscing elit pellentesque habitant morbi tristique senectus. Adipiscing elit ut aliquam purus sit amet. Ac turpis egestas maecenas pharetra convallis posuere morbi leo.', 'Public'),
(1, 'Peter', 'https://res.cloudinary.com/pmcorrea/image/upload/v1583012322/k2o16y7t0nob9dhovfsw.jpg', 1, 'Goals for 2020', 'Mon, 29 Apr 2020 23:18:08 GMT', 'Lorem ipsum dolor sit amet, consectetur adipiscing elit, sed do eiusmod tempor incididunt ut labore et dolore magna aliqua. Viverra vitae congue eu consequat. Erat pellentesque adipiscing commodo elit at imperdiet dui accumsan sit. Ultrices neque ornare aenean euismod elementum. Rhoncus urna neque viverra justo nec ultrices dui sapien. Vel pretium lectus quam id. Tellus id interdum velit laoreet id donec ultrices tincidunt arcu. Sed arcu non odio euismod lacinia at quis. Risus in hendrerit gravida rutrum. Diam donec adipiscing tristique risus nec feugiat in fermentum. Varius duis at consectetur lorem.
Tellus in hac habitasse platea dictumst vestibulum rhoncus est. At erat pellentesque adipiscing commodo elit at imperdiet dui accumsan. Arcu non odio euismod lacinia at. Fermentum iaculis eu non diam. Sit amet commodo nulla facilisi. Interdum consectetur libero id faucibus nisl tincidunt eget. Maecenas ultricies mi eget mauris pharetra et. Lorem ipsum dolor sit amet consectetur adipiscing elit duis. Venenatis urna cursus eget nunc scelerisque. A arcu cursus vitae congue mauris rhoncus aenean vel. Adipiscing elit pellentesque habitant morbi tristique senectus. Adipiscing elit ut aliquam purus sit amet. Ac turpis egestas maecenas pharetra convallis posuere morbi leo.', 'Public'),
(1, 'Peter', 'https://res.cloudinary.com/pmcorrea/image/upload/v1583012322/k2o16y7t0nob9dhovfsw.jpg', 1, 'Tips on Productivity', 'Mon, 14 Apr 2020 23:18:08 GMT', 'Lorem ipsum dolor sit amet, consectetur adipiscing elit, sed do eiusmod tempor incididunt ut labore et dolore magna aliqua. Viverra vitae congue eu consequat. Erat pellentesque adipiscing commodo elit at imperdiet dui accumsan sit. Ultrices neque ornare aenean euismod elementum. Rhoncus urna neque viverra justo nec ultrices dui sapien. Vel pretium lectus quam id. Tellus id interdum velit laoreet id donec ultrices tincidunt arcu. Sed arcu non odio euismod lacinia at quis. Risus in hendrerit gravida rutrum. Diam donec adipiscing tristique risus nec feugiat in fermentum. Varius duis at consectetur lorem.
Tellus in hac habitasse platea dictumst vestibulum rhoncus est. At erat pellentesque adipiscing commodo elit at imperdiet dui accumsan. Arcu non odio euismod lacinia at. Fermentum iaculis eu non diam. Sit amet commodo nulla facilisi. Interdum consectetur libero id faucibus nisl tincidunt eget. Maecenas ultricies mi eget mauris pharetra et. Lorem ipsum dolor sit amet consectetur adipiscing elit duis. Venenatis urna cursus eget nunc scelerisque. A arcu cursus vitae congue mauris rhoncus aenean vel. Adipiscing elit pellentesque habitant morbi tristique senectus. Adipiscing elit ut aliquam purus sit amet. Ac turpis egestas maecenas pharetra convallis posuere morbi leo.', 'Public'),
(1, 'Peter', 'https://res.cloudinary.com/pmcorrea/image/upload/v1583012322/k2o16y7t0nob9dhovfsw.jpg', 1, 'Books to Read', 'Mon, 11 Apr 2020 23:18:08 GMT', 'Lorem ipsum dolor sit amet, consectetur adipiscing elit, sed do eiusmod tempor incididunt ut labore et dolore magna aliqua. Viverra vitae congue eu consequat. Erat pellentesque adipiscing commodo elit at imperdiet dui accumsan sit. Ultrices neque ornare aenean euismod elementum. Rhoncus urna neque viverra justo nec ultrices dui sapien. Vel pretium lectus quam id. Tellus id interdum velit laoreet id donec ultrices tincidunt arcu. Sed arcu non odio euismod lacinia at quis. Risus in hendrerit gravida rutrum. Diam donec adipiscing tristique risus nec feugiat in fermentum. Varius duis at consectetur lorem.
Tellus in hac habitasse platea dictumst vestibulum rhoncus est. At erat pellentesque adipiscing commodo elit at imperdiet dui accumsan. Arcu non odio euismod lacinia at. Fermentum iaculis eu non diam. Sit amet commodo nulla facilisi. Interdum consectetur libero id faucibus nisl tincidunt eget. Maecenas ultricies mi eget mauris pharetra et. Lorem ipsum dolor sit amet consectetur adipiscing elit duis. Venenatis urna cursus eget nunc scelerisque. A arcu cursus vitae congue mauris rhoncus aenean vel. Adipiscing elit pellentesque habitant morbi tristique senectus. Adipiscing elit ut aliquam purus sit amet. Ac turpis egestas maecenas pharetra convallis posuere morbi leo.', 'Public'),

(2, 'Alex', 'https://res.cloudinary.com/pmcorrea/image/upload/v1583012260/pgtqux5axbybbrf39utu.jpg', 2, 'Chicken Recipes', 'Mon, 2 Apr 2020 23:18:08 GMT', 'Lorem ipsum dolor sit amet, consectetur adipiscing elit, sed do eiusmod tempor incididunt ut labore et dolore magna aliqua. Viverra vitae congue eu consequat. Erat pellentesque adipiscing commodo elit at imperdiet dui accumsan sit. Ultrices neque ornare aenean euismod elementum. Rhoncus urna neque viverra justo nec ultrices dui sapien. Vel pretium lectus quam id. Tellus id interdum velit laoreet id donec ultrices tincidunt arcu. Sed arcu non odio euismod lacinia at quis. Risus in hendrerit gravida rutrum. Diam donec adipiscing tristique risus nec feugiat in fermentum. Varius duis at consectetur lorem.
Tellus in hac habitasse platea dictumst vestibulum rhoncus est. At erat pellentesque adipiscing commodo elit at imperdiet dui accumsan. Arcu non odio euismod lacinia at. Fermentum iaculis eu non diam. Sit amet commodo nulla facilisi. Interdum consectetur libero id faucibus nisl tincidunt eget. Maecenas ultricies mi eget mauris pharetra et. Lorem ipsum dolor sit amet consectetur adipiscing elit duis. Venenatis urna cursus eget nunc scelerisque. A arcu cursus vitae congue mauris rhoncus aenean vel. Adipiscing elit pellentesque habitant morbi tristique senectus. Adipiscing elit ut aliquam purus sit amet. Ac turpis egestas maecenas pharetra convallis posuere morbi leo.', 'Public'),
(2, 'Alex', 'https://res.cloudinary.com/pmcorrea/image/upload/v1583012260/pgtqux5axbybbrf39utu.jpg', 2, 'Docker Tutorial', 'Mon, 6 Apr 2020 23:18:08 GMT', 'Lorem ipsum dolor sit amet, consectetur adipiscing elit, sed do eiusmod tempor incididunt ut labore et dolore magna aliqua. Viverra vitae congue eu consequat. Erat pellentesque adipiscing commodo elit at imperdiet dui accumsan sit. Ultrices neque ornare aenean euismod elementum. Rhoncus urna neque viverra justo nec ultrices dui sapien. Vel pretium lectus quam id. Tellus id interdum velit laoreet id donec ultrices tincidunt arcu. Sed arcu non odio euismod lacinia at quis. Risus in hendrerit gravida rutrum. Diam donec adipiscing tristique risus nec feugiat in fermentum. Varius duis at consectetur lorem.
Tellus in hac habitasse platea dictumst vestibulum rhoncus est. At erat pellentesque adipiscing commodo elit at imperdiet dui accumsan. Arcu non odio euismod lacinia at. Fermentum iaculis eu non diam. Sit amet commodo nulla facilisi. Interdum consectetur libero id faucibus nisl tincidunt eget. Maecenas ultricies mi eget mauris pharetra et. Lorem ipsum dolor sit amet consectetur adipiscing elit duis. Venenatis urna cursus eget nunc scelerisque. A arcu cursus vitae congue mauris rhoncus aenean vel. Adipiscing elit pellentesque habitant morbi tristique senectus. Adipiscing elit ut aliquam purus sit amet. Ac turpis egestas maecenas pharetra convallis posuere morbi leo.', 'Public'),
(2, 'Alex', 'https://res.cloudinary.com/pmcorrea/image/upload/v1583012260/pgtqux5axbybbrf39utu.jpg', 2, 'Backpacking in Spain', 'Mon, 17 Apr 2020 23:18:08 GMT', 'Lorem ipsum dolor sit amet, consectetur adipiscing elit, sed do eiusmod tempor incididunt ut labore et dolore magna aliqua. Viverra vitae congue eu consequat. Erat pellentesque adipiscing commodo elit at imperdiet dui accumsan sit. Ultrices neque ornare aenean euismod elementum. Rhoncus urna neque viverra justo nec ultrices dui sapien. Vel pretium lectus quam id. Tellus id interdum velit laoreet id donec ultrices tincidunt arcu. Sed arcu non odio euismod lacinia at quis. Risus in hendrerit gravida rutrum. Diam donec adipiscing tristique risus nec feugiat in fermentum. Varius duis at consectetur lorem.
Tellus in hac habitasse platea dictumst vestibulum rhoncus est. At erat pellentesque adipiscing commodo elit at imperdiet dui accumsan. Arcu non odio euismod lacinia at. Fermentum iaculis eu non diam. Sit amet commodo nulla facilisi. Interdum consectetur libero id faucibus nisl tincidunt eget. Maecenas ultricies mi eget mauris pharetra et. Lorem ipsum dolor sit amet consectetur adipiscing elit duis. Venenatis urna cursus eget nunc scelerisque. A arcu cursus vitae congue mauris rhoncus aenean vel. Adipiscing elit pellentesque habitant morbi tristique senectus. Adipiscing elit ut aliquam purus sit amet. Ac turpis egestas maecenas pharetra convallis posuere morbi leo.', 'Public'),
(2, 'Alex', 'https://res.cloudinary.com/pmcorrea/image/upload/v1583012260/pgtqux5axbybbrf39utu.jpg', 2, 'Goals for 2020', 'Mon, 14 Apr 2020 23:18:08 GMT', 'Lorem ipsum dolor sit amet, consectetur adipiscing elit, sed do eiusmod tempor incididunt ut labore et dolore magna aliqua. Viverra vitae congue eu consequat. Erat pellentesque adipiscing commodo elit at imperdiet dui accumsan sit. Ultrices neque ornare aenean euismod elementum. Rhoncus urna neque viverra justo nec ultrices dui sapien. Vel pretium lectus quam id. Tellus id interdum velit laoreet id donec ultrices tincidunt arcu. Sed arcu non odio euismod lacinia at quis. Risus in hendrerit gravida rutrum. Diam donec adipiscing tristique risus nec feugiat in fermentum. Varius duis at consectetur lorem.
Tellus in hac habitasse platea dictumst vestibulum rhoncus est. At erat pellentesque adipiscing commodo elit at imperdiet dui accumsan. Arcu non odio euismod lacinia at. Fermentum iaculis eu non diam. Sit amet commodo nulla facilisi. Interdum consectetur libero id faucibus nisl tincidunt eget. Maecenas ultricies mi eget mauris pharetra et. Lorem ipsum dolor sit amet consectetur adipiscing elit duis. Venenatis urna cursus eget nunc scelerisque. A arcu cursus vitae congue mauris rhoncus aenean vel. Adipiscing elit pellentesque habitant morbi tristique senectus. Adipiscing elit ut aliquam purus sit amet. Ac turpis egestas maecenas pharetra convallis posuere morbi leo.', 'Public'),
(2, 'Alex', 'https://res.cloudinary.com/pmcorrea/image/upload/v1583012260/pgtqux5axbybbrf39utu.jpg', 2, 'Tips on Productivity', 'Mon, 8 Apr 2020 23:18:08 GMT', 'Lorem ipsum dolor sit amet, consectetur adipiscing elit, sed do eiusmod tempor incididunt ut labore et dolore magna aliqua. Viverra vitae congue eu consequat. Erat pellentesque adipiscing commodo elit at imperdiet dui accumsan sit. Ultrices neque ornare aenean euismod elementum. Rhoncus urna neque viverra justo nec ultrices dui sapien. Vel pretium lectus quam id. Tellus id interdum velit laoreet id donec ultrices tincidunt arcu. Sed arcu non odio euismod lacinia at quis. Risus in hendrerit gravida rutrum. Diam donec adipiscing tristique risus nec feugiat in fermentum. Varius duis at consectetur lorem.
Tellus in hac habitasse platea dictumst vestibulum rhoncus est. At erat pellentesque adipiscing commodo elit at imperdiet dui accumsan. Arcu non odio euismod lacinia at. Fermentum iaculis eu non diam. Sit amet commodo nulla facilisi. Interdum consectetur libero id faucibus nisl tincidunt eget. Maecenas ultricies mi eget mauris pharetra et. Lorem ipsum dolor sit amet consectetur adipiscing elit duis. Venenatis urna cursus eget nunc scelerisque. A arcu cursus vitae congue mauris rhoncus aenean vel. Adipiscing elit pellentesque habitant morbi tristique senectus. Adipiscing elit ut aliquam purus sit amet. Ac turpis egestas maecenas pharetra convallis posuere morbi leo.', 'Public'),
(2, 'Alex', 'https://res.cloudinary.com/pmcorrea/image/upload/v1583012260/pgtqux5axbybbrf39utu.jpg', 2, 'Books to Read', 'Mon, 1 Apr 2020 23:18:08 GMT', 'Lorem ipsum dolor sit amet, consectetur adipiscing elit, sed do eiusmod tempor incididunt ut labore et dolore magna aliqua. Viverra vitae congue eu consequat. Erat pellentesque adipiscing commodo elit at imperdiet dui accumsan sit. Ultrices neque ornare aenean euismod elementum. Rhoncus urna neque viverra justo nec ultrices dui sapien. Vel pretium lectus quam id. Tellus id interdum velit laoreet id donec ultrices tincidunt arcu. Sed arcu non odio euismod lacinia at quis. Risus in hendrerit gravida rutrum. Diam donec adipiscing tristique risus nec feugiat in fermentum. Varius duis at consectetur lorem.
Tellus in hac habitasse platea dictumst vestibulum rhoncus est. At erat pellentesque adipiscing commodo elit at imperdiet dui accumsan. Arcu non odio euismod lacinia at. Fermentum iaculis eu non diam. Sit amet commodo nulla facilisi. Interdum consectetur libero id faucibus nisl tincidunt eget. Maecenas ultricies mi eget mauris pharetra et. Lorem ipsum dolor sit amet consectetur adipiscing elit duis. Venenatis urna cursus eget nunc scelerisque. A arcu cursus vitae congue mauris rhoncus aenean vel. Adipiscing elit pellentesque habitant morbi tristique senectus. Adipiscing elit ut aliquam purus sit amet. Ac turpis egestas maecenas pharetra convallis posuere morbi leo.', 'Public'),

(3, 'Sidney', 'https://res.cloudinary.com/pmcorrea/image/upload/v1583012253/d6etblztcnrmqi4ezzsy.jpg', 3, 'Chicken Recipes', 'Mon, 2 Apr 2020 23:18:08 GMT', 'Lorem ipsum dolor sit amet, consectetur adipiscing elit, sed do eiusmod tempor incididunt ut labore et dolore magna aliqua. Viverra vitae congue eu consequat. Erat pellentesque adipiscing commodo elit at imperdiet dui accumsan sit. Ultrices neque ornare aenean euismod elementum. Rhoncus urna neque viverra justo nec ultrices dui sapien. Vel pretium lectus quam id. Tellus id interdum velit laoreet id donec ultrices tincidunt arcu. Sed arcu non odio euismod lacinia at quis. Risus in hendrerit gravida rutrum. Diam donec adipiscing tristique risus nec feugiat in fermentum. Varius duis at consectetur lorem.
Tellus in hac habitasse platea dictumst vestibulum rhoncus est. At erat pellentesque adipiscing commodo elit at imperdiet dui accumsan. Arcu non odio euismod lacinia at. Fermentum iaculis eu non diam. Sit amet commodo nulla facilisi. Interdum consectetur libero id faucibus nisl tincidunt eget. Maecenas ultricies mi eget mauris pharetra et. Lorem ipsum dolor sit amet consectetur adipiscing elit duis. Venenatis urna cursus eget nunc scelerisque. A arcu cursus vitae congue mauris rhoncus aenean vel. Adipiscing elit pellentesque habitant morbi tristique senectus. Adipiscing elit ut aliquam purus sit amet. Ac turpis egestas maecenas pharetra convallis posuere morbi leo.', 'Public'),
(3, 'Sidney', 'https://res.cloudinary.com/pmcorrea/image/upload/v1583012253/d6etblztcnrmqi4ezzsy.jpg', 3, 'Docker Tutorial', 'Mon, 12 Apr 2020 23:18:08 GMT', 'Lorem ipsum dolor sit amet, consectetur adipiscing elit, sed do eiusmod tempor incididunt ut labore et dolore magna aliqua. Viverra vitae congue eu consequat. Erat pellentesque adipiscing commodo elit at imperdiet dui accumsan sit. Ultrices neque ornare aenean euismod elementum. Rhoncus urna neque viverra justo nec ultrices dui sapien. Vel pretium lectus quam id. Tellus id interdum velit laoreet id donec ultrices tincidunt arcu. Sed arcu non odio euismod lacinia at quis. Risus in hendrerit gravida rutrum. Diam donec adipiscing tristique risus nec feugiat in fermentum. Varius duis at consectetur lorem.
Tellus in hac habitasse platea dictumst vestibulum rhoncus est. At erat pellentesque adipiscing commodo elit at imperdiet dui accumsan. Arcu non odio euismod lacinia at. Fermentum iaculis eu non diam. Sit amet commodo nulla facilisi. Interdum consectetur libero id faucibus nisl tincidunt eget. Maecenas ultricies mi eget mauris pharetra et. Lorem ipsum dolor sit amet consectetur adipiscing elit duis. Venenatis urna cursus eget nunc scelerisque. A arcu cursus vitae congue mauris rhoncus aenean vel. Adipiscing elit pellentesque habitant morbi tristique senectus. Adipiscing elit ut aliquam purus sit amet. Ac turpis egestas maecenas pharetra convallis posuere morbi leo.', 'Public'),
(3, 'Sidney', 'https://res.cloudinary.com/pmcorrea/image/upload/v1583012253/d6etblztcnrmqi4ezzsy.jpg', 3, 'Backpacking in Spain', 'Mon, 27 Apr 2020 23:18:08 GMT', 'Lorem ipsum dolor sit amet, consectetur adipiscing elit, sed do eiusmod tempor incididunt ut labore et dolore magna aliqua. Viverra vitae congue eu consequat. Erat pellentesque adipiscing commodo elit at imperdiet dui accumsan sit. Ultrices neque ornare aenean euismod elementum. Rhoncus urna neque viverra justo nec ultrices dui sapien. Vel pretium lectus quam id. Tellus id interdum velit laoreet id donec ultrices tincidunt arcu. Sed arcu non odio euismod lacinia at quis. Risus in hendrerit gravida rutrum. Diam donec adipiscing tristique risus nec feugiat in fermentum. Varius duis at consectetur lorem.
Tellus in hac habitasse platea dictumst vestibulum rhoncus est. At erat pellentesque adipiscing commodo elit at imperdiet dui accumsan. Arcu non odio euismod lacinia at. Fermentum iaculis eu non diam. Sit amet commodo nulla facilisi. Interdum consectetur libero id faucibus nisl tincidunt eget. Maecenas ultricies mi eget mauris pharetra et. Lorem ipsum dolor sit amet consectetur adipiscing elit duis. Venenatis urna cursus eget nunc scelerisque. A arcu cursus vitae congue mauris rhoncus aenean vel. Adipiscing elit pellentesque habitant morbi tristique senectus. Adipiscing elit ut aliquam purus sit amet. Ac turpis egestas maecenas pharetra convallis posuere morbi leo.', 'Public'),
(3, 'Sidney', 'https://res.cloudinary.com/pmcorrea/image/upload/v1583012253/d6etblztcnrmqi4ezzsy.jpg', 3, 'Goals for 2020', 'Mon, 17 Apr 2020 23:18:08 GMT', 'Lorem ipsum dolor sit amet, consectetur adipiscing elit, sed do eiusmod tempor incididunt ut labore et dolore magna aliqua. Viverra vitae congue eu consequat. Erat pellentesque adipiscing commodo elit at imperdiet dui accumsan sit. Ultrices neque ornare aenean euismod elementum. Rhoncus urna neque viverra justo nec ultrices dui sapien. Vel pretium lectus quam id. Tellus id interdum velit laoreet id donec ultrices tincidunt arcu. Sed arcu non odio euismod lacinia at quis. Risus in hendrerit gravida rutrum. Diam donec adipiscing tristique risus nec feugiat in fermentum. Varius duis at consectetur lorem.
Tellus in hac habitasse platea dictumst vestibulum rhoncus est. At erat pellentesque adipiscing commodo elit at imperdiet dui accumsan. Arcu non odio euismod lacinia at. Fermentum iaculis eu non diam. Sit amet commodo nulla facilisi. Interdum consectetur libero id faucibus nisl tincidunt eget. Maecenas ultricies mi eget mauris pharetra et. Lorem ipsum dolor sit amet consectetur adipiscing elit duis. Venenatis urna cursus eget nunc scelerisque. A arcu cursus vitae congue mauris rhoncus aenean vel. Adipiscing elit pellentesque habitant morbi tristique senectus. Adipiscing elit ut aliquam purus sit amet. Ac turpis egestas maecenas pharetra convallis posuere morbi leo.', 'Public'),
(3, 'Sidney', 'https://res.cloudinary.com/pmcorrea/image/upload/v1583012253/d6etblztcnrmqi4ezzsy.jpg', 3, 'Tips on Productivity', 'Mon, 11 Apr 2020 23:18:08 GMT', 'Lorem ipsum dolor sit amet, consectetur adipiscing elit, sed do eiusmod tempor incididunt ut labore et dolore magna aliqua. Viverra vitae congue eu consequat. Erat pellentesque adipiscing commodo elit at imperdiet dui accumsan sit. Ultrices neque ornare aenean euismod elementum. Rhoncus urna neque viverra justo nec ultrices dui sapien. Vel pretium lectus quam id. Tellus id interdum velit laoreet id donec ultrices tincidunt arcu. Sed arcu non odio euismod lacinia at quis. Risus in hendrerit gravida rutrum. Diam donec adipiscing tristique risus nec feugiat in fermentum. Varius duis at consectetur lorem.
Tellus in hac habitasse platea dictumst vestibulum rhoncus est. At erat pellentesque adipiscing commodo elit at imperdiet dui accumsan. Arcu non odio euismod lacinia at. Fermentum iaculis eu non diam. Sit amet commodo nulla facilisi. Interdum consectetur libero id faucibus nisl tincidunt eget. Maecenas ultricies mi eget mauris pharetra et. Lorem ipsum dolor sit amet consectetur adipiscing elit duis. Venenatis urna cursus eget nunc scelerisque. A arcu cursus vitae congue mauris rhoncus aenean vel. Adipiscing elit pellentesque habitant morbi tristique senectus. Adipiscing elit ut aliquam purus sit amet. Ac turpis egestas maecenas pharetra convallis posuere morbi leo.', 'Public'),
(3, 'Sidney', 'https://res.cloudinary.com/pmcorrea/image/upload/v1583012253/d6etblztcnrmqi4ezzsy.jpg', 3, 'Books to Read', 'Mon, 9 Apr 2020 23:18:08 GMT', 'Lorem ipsum dolor sit amet, consectetur adipiscing elit, sed do eiusmod tempor incididunt ut labore et dolore magna aliqua. Viverra vitae congue eu consequat. Erat pellentesque adipiscing commodo elit at imperdiet dui accumsan sit. Ultrices neque ornare aenean euismod elementum. Rhoncus urna neque viverra justo nec ultrices dui sapien. Vel pretium lectus quam id. Tellus id interdum velit laoreet id donec ultrices tincidunt arcu. Sed arcu non odio euismod lacinia at quis. Risus in hendrerit gravida rutrum. Diam donec adipiscing tristique risus nec feugiat in fermentum. Varius duis at consectetur lorem.
Tellus in hac habitasse platea dictumst vestibulum rhoncus est. At erat pellentesque adipiscing commodo elit at imperdiet dui accumsan. Arcu non odio euismod lacinia at. Fermentum iaculis eu non diam. Sit amet commodo nulla facilisi. Interdum consectetur libero id faucibus nisl tincidunt eget. Maecenas ultricies mi eget mauris pharetra et. Lorem ipsum dolor sit amet consectetur adipiscing elit duis. Venenatis urna cursus eget nunc scelerisque. A arcu cursus vitae congue mauris rhoncus aenean vel. Adipiscing elit pellentesque habitant morbi tristique senectus. Adipiscing elit ut aliquam purus sit amet. Ac turpis egestas maecenas pharetra convallis posuere morbi leo.', 'Public'),
  
(4, 'Petra', 'https://res.cloudinary.com/pmcorrea/image/upload/v1583012242/jlyttmp2brxbdpx84r5j.jpg', 4, 'Chicken Recipes', 'Mon, 3 Apr 2020 23:18:08 GMT', 'Lorem ipsum dolor sit amet, consectetur adipiscing elit, sed do eiusmod tempor incididunt ut labore et dolore magna aliqua. Viverra vitae congue eu consequat. Erat pellentesque adipiscing commodo elit at imperdiet dui accumsan sit. Ultrices neque ornare aenean euismod elementum. Rhoncus urna neque viverra justo nec ultrices dui sapien. Vel pretium lectus quam id. Tellus id interdum velit laoreet id donec ultrices tincidunt arcu. Sed arcu non odio euismod lacinia at quis. Risus in hendrerit gravida rutrum. Diam donec adipiscing tristique risus nec feugiat in fermentum. Varius duis at consectetur lorem.
Tellus in hac habitasse platea dictumst vestibulum rhoncus est. At erat pellentesque adipiscing commodo elit at imperdiet dui accumsan. Arcu non odio euismod lacinia at. Fermentum iaculis eu non diam. Sit amet commodo nulla facilisi. Interdum consectetur libero id faucibus nisl tincidunt eget. Maecenas ultricies mi eget mauris pharetra et. Lorem ipsum dolor sit amet consectetur adipiscing elit duis. Venenatis urna cursus eget nunc scelerisque. A arcu cursus vitae congue mauris rhoncus aenean vel. Adipiscing elit pellentesque habitant morbi tristique senectus. Adipiscing elit ut aliquam purus sit amet. Ac turpis egestas maecenas pharetra convallis posuere morbi leo.', 'Public'),
(4, 'Petra', 'https://res.cloudinary.com/pmcorrea/image/upload/v1583012242/jlyttmp2brxbdpx84r5j.jpg', 4, 'Docker Tutorial', 'Mon, 7 Apr 2020 23:18:08 GMT', 'Lorem ipsum dolor sit amet, consectetur adipiscing elit, sed do eiusmod tempor incididunt ut labore et dolore magna aliqua. Viverra vitae congue eu consequat. Erat pellentesque adipiscing commodo elit at imperdiet dui accumsan sit. Ultrices neque ornare aenean euismod elementum. Rhoncus urna neque viverra justo nec ultrices dui sapien. Vel pretium lectus quam id. Tellus id interdum velit laoreet id donec ultrices tincidunt arcu. Sed arcu non odio euismod lacinia at quis. Risus in hendrerit gravida rutrum. Diam donec adipiscing tristique risus nec feugiat in fermentum. Varius duis at consectetur lorem.
Tellus in hac habitasse platea dictumst vestibulum rhoncus est. At erat pellentesque adipiscing commodo elit at imperdiet dui accumsan. Arcu non odio euismod lacinia at. Fermentum iaculis eu non diam. Sit amet commodo nulla facilisi. Interdum consectetur libero id faucibus nisl tincidunt eget. Maecenas ultricies mi eget mauris pharetra et. Lorem ipsum dolor sit amet consectetur adipiscing elit duis. Venenatis urna cursus eget nunc scelerisque. A arcu cursus vitae congue mauris rhoncus aenean vel. Adipiscing elit pellentesque habitant morbi tristique senectus. Adipiscing elit ut aliquam purus sit amet. Ac turpis egestas maecenas pharetra convallis posuere morbi leo.', 'Public'),
(4, 'Petra', 'https://res.cloudinary.com/pmcorrea/image/upload/v1583012242/jlyttmp2brxbdpx84r5j.jpg', 4, 'Backpacking in Spain', 'Mon, 17 Apr 2020 23:18:08 GMT', 'Lorem ipsum dolor sit amet, consectetur adipiscing elit, sed do eiusmod tempor incididunt ut labore et dolore magna aliqua. Viverra vitae congue eu consequat. Erat pellentesque adipiscing commodo elit at imperdiet dui accumsan sit. Ultrices neque ornare aenean euismod elementum. Rhoncus urna neque viverra justo nec ultrices dui sapien. Vel pretium lectus quam id. Tellus id interdum velit laoreet id donec ultrices tincidunt arcu. Sed arcu non odio euismod lacinia at quis. Risus in hendrerit gravida rutrum. Diam donec adipiscing tristique risus nec feugiat in fermentum. Varius duis at consectetur lorem.
Tellus in hac habitasse platea dictumst vestibulum rhoncus est. At erat pellentesque adipiscing commodo elit at imperdiet dui accumsan. Arcu non odio euismod lacinia at. Fermentum iaculis eu non diam. Sit amet commodo nulla facilisi. Interdum consectetur libero id faucibus nisl tincidunt eget. Maecenas ultricies mi eget mauris pharetra et. Lorem ipsum dolor sit amet consectetur adipiscing elit duis. Venenatis urna cursus eget nunc scelerisque. A arcu cursus vitae congue mauris rhoncus aenean vel. Adipiscing elit pellentesque habitant morbi tristique senectus. Adipiscing elit ut aliquam purus sit amet. Ac turpis egestas maecenas pharetra convallis posuere morbi leo.', 'Public'),
(4, 'Petra', 'https://res.cloudinary.com/pmcorrea/image/upload/v1583012242/jlyttmp2brxbdpx84r5j.jpg', 4, 'Goals for 2020', 'Mon, 27 Apr 2020 23:18:08 GMT', 'Lorem ipsum dolor sit amet, consectetur adipiscing elit, sed do eiusmod tempor incididunt ut labore et dolore magna aliqua. Viverra vitae congue eu consequat. Erat pellentesque adipiscing commodo elit at imperdiet dui accumsan sit. Ultrices neque ornare aenean euismod elementum. Rhoncus urna neque viverra justo nec ultrices dui sapien. Vel pretium lectus quam id. Tellus id interdum velit laoreet id donec ultrices tincidunt arcu. Sed arcu non odio euismod lacinia at quis. Risus in hendrerit gravida rutrum. Diam donec adipiscing tristique risus nec feugiat in fermentum. Varius duis at consectetur lorem.
Tellus in hac habitasse platea dictumst vestibulum rhoncus est. At erat pellentesque adipiscing commodo elit at imperdiet dui accumsan. Arcu non odio euismod lacinia at. Fermentum iaculis eu non diam. Sit amet commodo nulla facilisi. Interdum consectetur libero id faucibus nisl tincidunt eget. Maecenas ultricies mi eget mauris pharetra et. Lorem ipsum dolor sit amet consectetur adipiscing elit duis. Venenatis urna cursus eget nunc scelerisque. A arcu cursus vitae congue mauris rhoncus aenean vel. Adipiscing elit pellentesque habitant morbi tristique senectus. Adipiscing elit ut aliquam purus sit amet. Ac turpis egestas maecenas pharetra convallis posuere morbi leo.', 'Public'),
(4, 'Petra', 'https://res.cloudinary.com/pmcorrea/image/upload/v1583012242/jlyttmp2brxbdpx84r5j.jpg', 4, 'Tips on Productivity', 'Mon, 15 Apr 2020 23:18:08 GMT', 'Lorem ipsum dolor sit amet, consectetur adipiscing elit, sed do eiusmod tempor incididunt ut labore et dolore magna aliqua. Viverra vitae congue eu consequat. Erat pellentesque adipiscing commodo elit at imperdiet dui accumsan sit. Ultrices neque ornare aenean euismod elementum. Rhoncus urna neque viverra justo nec ultrices dui sapien. Vel pretium lectus quam id. Tellus id interdum velit laoreet id donec ultrices tincidunt arcu. Sed arcu non odio euismod lacinia at quis. Risus in hendrerit gravida rutrum. Diam donec adipiscing tristique risus nec feugiat in fermentum. Varius duis at consectetur lorem.
Tellus in hac habitasse platea dictumst vestibulum rhoncus est. At erat pellentesque adipiscing commodo elit at imperdiet dui accumsan. Arcu non odio euismod lacinia at. Fermentum iaculis eu non diam. Sit amet commodo nulla facilisi. Interdum consectetur libero id faucibus nisl tincidunt eget. Maecenas ultricies mi eget mauris pharetra et. Lorem ipsum dolor sit amet consectetur adipiscing elit duis. Venenatis urna cursus eget nunc scelerisque. A arcu cursus vitae congue mauris rhoncus aenean vel. Adipiscing elit pellentesque habitant morbi tristique senectus. Adipiscing elit ut aliquam purus sit amet. Ac turpis egestas maecenas pharetra convallis posuere morbi leo.', 'Public'),
(4, 'Petra', 'https://res.cloudinary.com/pmcorrea/image/upload/v1583012242/jlyttmp2brxbdpx84r5j.jpg', 4, 'Books to Read', 'Mon, 19 Apr 2020 23:18:08 GMT', 'Lorem ipsum dolor sit amet, consectetur adipiscing elit, sed do eiusmod tempor incididunt ut labore et dolore magna aliqua. Viverra vitae congue eu consequat. Erat pellentesque adipiscing commodo elit at imperdiet dui accumsan sit. Ultrices neque ornare aenean euismod elementum. Rhoncus urna neque viverra justo nec ultrices dui sapien. Vel pretium lectus quam id. Tellus id interdum velit laoreet id donec ultrices tincidunt arcu. Sed arcu non odio euismod lacinia at quis. Risus in hendrerit gravida rutrum. Diam donec adipiscing tristique risus nec feugiat in fermentum. Varius duis at consectetur lorem.
Tellus in hac habitasse platea dictumst vestibulum rhoncus est. At erat pellentesque adipiscing commodo elit at imperdiet dui accumsan. Arcu non odio euismod lacinia at. Fermentum iaculis eu non diam. Sit amet commodo nulla facilisi. Interdum consectetur libero id faucibus nisl tincidunt eget. Maecenas ultricies mi eget mauris pharetra et. Lorem ipsum dolor sit amet consectetur adipiscing elit duis. Venenatis urna cursus eget nunc scelerisque. A arcu cursus vitae congue mauris rhoncus aenean vel. Adipiscing elit pellentesque habitant morbi tristique senectus. Adipiscing elit ut aliquam purus sit amet. Ac turpis egestas maecenas pharetra convallis posuere morbi leo.', 'Public'),

(5, 'Alice', 'https://res.cloudinary.com/pmcorrea/image/upload/v1583012228/bt5uuxewpwoks5hayzly.jpg', 5, 'Chicken Recipes', 'Mon, 4 Apr 2020 23:18:08 GMT', 'Lorem ipsum dolor sit amet, consectetur adipiscing elit, sed do eiusmod tempor incididunt ut labore et dolore magna aliqua. Viverra vitae congue eu consequat. Erat pellentesque adipiscing commodo elit at imperdiet dui accumsan sit. Ultrices neque ornare aenean euismod elementum. Rhoncus urna neque viverra justo nec ultrices dui sapien. Vel pretium lectus quam id. Tellus id interdum velit laoreet id donec ultrices tincidunt arcu. Sed arcu non odio euismod lacinia at quis. Risus in hendrerit gravida rutrum. Diam donec adipiscing tristique risus nec feugiat in fermentum. Varius duis at consectetur lorem.
Tellus in hac habitasse platea dictumst vestibulum rhoncus est. At erat pellentesque adipiscing commodo elit at imperdiet dui accumsan. Arcu non odio euismod lacinia at. Fermentum iaculis eu non diam. Sit amet commodo nulla facilisi. Interdum consectetur libero id faucibus nisl tincidunt eget. Maecenas ultricies mi eget mauris pharetra et. Lorem ipsum dolor sit amet consectetur adipiscing elit duis. Venenatis urna cursus eget nunc scelerisque. A arcu cursus vitae congue mauris rhoncus aenean vel. Adipiscing elit pellentesque habitant morbi tristique senectus. Adipiscing elit ut aliquam purus sit amet. Ac turpis egestas maecenas pharetra convallis posuere morbi leo.', 'Public'),
(5, 'Alice', 'https://res.cloudinary.com/pmcorrea/image/upload/v1583012228/bt5uuxewpwoks5hayzly.jpg', 5, 'Docker Tutorial', 'Mon, 14 Apr 2020 23:18:08 GMT', 'Lorem ipsum dolor sit amet, consectetur adipiscing elit, sed do eiusmod tempor incididunt ut labore et dolore magna aliqua. Viverra vitae congue eu consequat. Erat pellentesque adipiscing commodo elit at imperdiet dui accumsan sit. Ultrices neque ornare aenean euismod elementum. Rhoncus urna neque viverra justo nec ultrices dui sapien. Vel pretium lectus quam id. Tellus id interdum velit laoreet id donec ultrices tincidunt arcu. Sed arcu non odio euismod lacinia at quis. Risus in hendrerit gravida rutrum. Diam donec adipiscing tristique risus nec feugiat in fermentum. Varius duis at consectetur lorem.
Tellus in hac habitasse platea dictumst vestibulum rhoncus est. At erat pellentesque adipiscing commodo elit at imperdiet dui accumsan. Arcu non odio euismod lacinia at. Fermentum iaculis eu non diam. Sit amet commodo nulla facilisi. Interdum consectetur libero id faucibus nisl tincidunt eget. Maecenas ultricies mi eget mauris pharetra et. Lorem ipsum dolor sit amet consectetur adipiscing elit duis. Venenatis urna cursus eget nunc scelerisque. A arcu cursus vitae congue mauris rhoncus aenean vel. Adipiscing elit pellentesque habitant morbi tristique senectus. Adipiscing elit ut aliquam purus sit amet. Ac turpis egestas maecenas pharetra convallis posuere morbi leo.', 'Public'),
(5, 'Alice', 'https://res.cloudinary.com/pmcorrea/image/upload/v1583012228/bt5uuxewpwoks5hayzly.jpg', 5, 'Backpacking in Spain', 'Mon, 24 Apr 2020 23:18:08 GMT', 'Lorem ipsum dolor sit amet, consectetur adipiscing elit, sed do eiusmod tempor incididunt ut labore et dolore magna aliqua. Viverra vitae congue eu consequat. Erat pellentesque adipiscing commodo elit at imperdiet dui accumsan sit. Ultrices neque ornare aenean euismod elementum. Rhoncus urna neque viverra justo nec ultrices dui sapien. Vel pretium lectus quam id. Tellus id interdum velit laoreet id donec ultrices tincidunt arcu. Sed arcu non odio euismod lacinia at quis. Risus in hendrerit gravida rutrum. Diam donec adipiscing tristique risus nec feugiat in fermentum. Varius duis at consectetur lorem.
Tellus in hac habitasse platea dictumst vestibulum rhoncus est. At erat pellentesque adipiscing commodo elit at imperdiet dui accumsan. Arcu non odio euismod lacinia at. Fermentum iaculis eu non diam. Sit amet commodo nulla facilisi. Interdum consectetur libero id faucibus nisl tincidunt eget. Maecenas ultricies mi eget mauris pharetra et. Lorem ipsum dolor sit amet consectetur adipiscing elit duis. Venenatis urna cursus eget nunc scelerisque. A arcu cursus vitae congue mauris rhoncus aenean vel. Adipiscing elit pellentesque habitant morbi tristique senectus. Adipiscing elit ut aliquam purus sit amet. Ac turpis egestas maecenas pharetra convallis posuere morbi leo.', 'Public'),
(5, 'Alice', 'https://res.cloudinary.com/pmcorrea/image/upload/v1583012228/bt5uuxewpwoks5hayzly.jpg', 5, 'Goals for 2020', 'Mon, 2 Apr 2020 23:18:08 GMT', 'Lorem ipsum dolor sit amet, consectetur adipiscing elit, sed do eiusmod tempor incididunt ut labore et dolore magna aliqua. Viverra vitae congue eu consequat. Erat pellentesque adipiscing commodo elit at imperdiet dui accumsan sit. Ultrices neque ornare aenean euismod elementum. Rhoncus urna neque viverra justo nec ultrices dui sapien. Vel pretium lectus quam id. Tellus id interdum velit laoreet id donec ultrices tincidunt arcu. Sed arcu non odio euismod lacinia at quis. Risus in hendrerit gravida rutrum. Diam donec adipiscing tristique risus nec feugiat in fermentum. Varius duis at consectetur lorem.
Tellus in hac habitasse platea dictumst vestibulum rhoncus est. At erat pellentesque adipiscing commodo elit at imperdiet dui accumsan. Arcu non odio euismod lacinia at. Fermentum iaculis eu non diam. Sit amet commodo nulla facilisi. Interdum consectetur libero id faucibus nisl tincidunt eget. Maecenas ultricies mi eget mauris pharetra et. Lorem ipsum dolor sit amet consectetur adipiscing elit duis. Venenatis urna cursus eget nunc scelerisque. A arcu cursus vitae congue mauris rhoncus aenean vel. Adipiscing elit pellentesque habitant morbi tristique senectus. Adipiscing elit ut aliquam purus sit amet. Ac turpis egestas maecenas pharetra convallis posuere morbi leo.', 'Public'),
(5, 'Alice', 'https://res.cloudinary.com/pmcorrea/image/upload/v1583012228/bt5uuxewpwoks5hayzly.jpg', 5, 'Tips on Productivity', 'Mon, 17 Apr 2020 23:18:08 GMT', 'Lorem ipsum dolor sit amet, consectetur adipiscing elit, sed do eiusmod tempor incididunt ut labore et dolore magna aliqua. Viverra vitae congue eu consequat. Erat pellentesque adipiscing commodo elit at imperdiet dui accumsan sit. Ultrices neque ornare aenean euismod elementum. Rhoncus urna neque viverra justo nec ultrices dui sapien. Vel pretium lectus quam id. Tellus id interdum velit laoreet id donec ultrices tincidunt arcu. Sed arcu non odio euismod lacinia at quis. Risus in hendrerit gravida rutrum. Diam donec adipiscing tristique risus nec feugiat in fermentum. Varius duis at consectetur lorem.
Tellus in hac habitasse platea dictumst vestibulum rhoncus est. At erat pellentesque adipiscing commodo elit at imperdiet dui accumsan. Arcu non odio euismod lacinia at. Fermentum iaculis eu non diam. Sit amet commodo nulla facilisi. Interdum consectetur libero id faucibus nisl tincidunt eget. Maecenas ultricies mi eget mauris pharetra et. Lorem ipsum dolor sit amet consectetur adipiscing elit duis. Venenatis urna cursus eget nunc scelerisque. A arcu cursus vitae congue mauris rhoncus aenean vel. Adipiscing elit pellentesque habitant morbi tristique senectus. Adipiscing elit ut aliquam purus sit amet. Ac turpis egestas maecenas pharetra convallis posuere morbi leo.', 'Public'),
(5, 'Alice', 'https://res.cloudinary.com/pmcorrea/image/upload/v1583012228/bt5uuxewpwoks5hayzly.jpg', 5, 'Books to Read', 'Mon, 12 Apr 2020 23:18:08 GMT', 'Lorem ipsum dolor sit amet, consectetur adipiscing elit, sed do eiusmod tempor incididunt ut labore et dolore magna aliqua. Viverra vitae congue eu consequat. Erat pellentesque adipiscing commodo elit at imperdiet dui accumsan sit. Ultrices neque ornare aenean euismod elementum. Rhoncus urna neque viverra justo nec ultrices dui sapien. Vel pretium lectus quam id. Tellus id interdum velit laoreet id donec ultrices tincidunt arcu. Sed arcu non odio euismod lacinia at quis. Risus in hendrerit gravida rutrum. Diam donec adipiscing tristique risus nec feugiat in fermentum. Varius duis at consectetur lorem.
Tellus in hac habitasse platea dictumst vestibulum rhoncus est. At erat pellentesque adipiscing commodo elit at imperdiet dui accumsan. Arcu non odio euismod lacinia at. Fermentum iaculis eu non diam. Sit amet commodo nulla facilisi. Interdum consectetur libero id faucibus nisl tincidunt eget. Maecenas ultricies mi eget mauris pharetra et. Lorem ipsum dolor sit amet consectetur adipiscing elit duis. Venenatis urna cursus eget nunc scelerisque. A arcu cursus vitae congue mauris rhoncus aenean vel. Adipiscing elit pellentesque habitant morbi tristique senectus. Adipiscing elit ut aliquam purus sit amet. Ac turpis egestas maecenas pharetra convallis posuere morbi leo.', 'Public'),

(6, 'Johana', 'https://res.cloudinary.com/pmcorrea/image/upload/v1583012228/jn4sj4kl3ldekkcy7ctj.jpg', 6, 'Chicken Recipes', 'Mon, 1 Apr 2020 23:18:08 GMT', 'Lorem ipsum dolor sit amet, consectetur adipiscing elit, sed do eiusmod tempor incididunt ut labore et dolore magna aliqua. Viverra vitae congue eu consequat. Erat pellentesque adipiscing commodo elit at imperdiet dui accumsan sit. Ultrices neque ornare aenean euismod elementum. Rhoncus urna neque viverra justo nec ultrices dui sapien. Vel pretium lectus quam id. Tellus id interdum velit laoreet id donec ultrices tincidunt arcu. Sed arcu non odio euismod lacinia at quis. Risus in hendrerit gravida rutrum. Diam donec adipiscing tristique risus nec feugiat in fermentum. Varius duis at consectetur lorem.
Tellus in hac habitasse platea dictumst vestibulum rhoncus est. At erat pellentesque adipiscing commodo elit at imperdiet dui accumsan. Arcu non odio euismod lacinia at. Fermentum iaculis eu non diam. Sit amet commodo nulla facilisi. Interdum consectetur libero id faucibus nisl tincidunt eget. Maecenas ultricies mi eget mauris pharetra et. Lorem ipsum dolor sit amet consectetur adipiscing elit duis. Venenatis urna cursus eget nunc scelerisque. A arcu cursus vitae congue mauris rhoncus aenean vel. Adipiscing elit pellentesque habitant morbi tristique senectus. Adipiscing elit ut aliquam purus sit amet. Ac turpis egestas maecenas pharetra convallis posuere morbi leo.', 'Public'),
(6, 'Johana', 'https://res.cloudinary.com/pmcorrea/image/upload/v1583012228/jn4sj4kl3ldekkcy7ctj.jpg', 6, 'Docker Tutorial', 'Mon, 12 Apr 2020 23:18:08 GMT', 'Lorem ipsum dolor sit amet, consectetur adipiscing elit, sed do eiusmod tempor incididunt ut labore et dolore magna aliqua. Viverra vitae congue eu consequat. Erat pellentesque adipiscing commodo elit at imperdiet dui accumsan sit. Ultrices neque ornare aenean euismod elementum. Rhoncus urna neque viverra justo nec ultrices dui sapien. Vel pretium lectus quam id. Tellus id interdum velit laoreet id donec ultrices tincidunt arcu. Sed arcu non odio euismod lacinia at quis. Risus in hendrerit gravida rutrum. Diam donec adipiscing tristique risus nec feugiat in fermentum. Varius duis at consectetur lorem.
Tellus in hac habitasse platea dictumst vestibulum rhoncus est. At erat pellentesque adipiscing commodo elit at imperdiet dui accumsan. Arcu non odio euismod lacinia at. Fermentum iaculis eu non diam. Sit amet commodo nulla facilisi. Interdum consectetur libero id faucibus nisl tincidunt eget. Maecenas ultricies mi eget mauris pharetra et. Lorem ipsum dolor sit amet consectetur adipiscing elit duis. Venenatis urna cursus eget nunc scelerisque. A arcu cursus vitae congue mauris rhoncus aenean vel. Adipiscing elit pellentesque habitant morbi tristique senectus. Adipiscing elit ut aliquam purus sit amet. Ac turpis egestas maecenas pharetra convallis posuere morbi leo.', 'Public'),
(6, 'Johana', 'https://res.cloudinary.com/pmcorrea/image/upload/v1583012228/jn4sj4kl3ldekkcy7ctj.jpg', 6, 'Backpacking in Spain', 'Mon, 6 Apr 2020 23:18:08 GMT', 'Lorem ipsum dolor sit amet, consectetur adipiscing elit, sed do eiusmod tempor incididunt ut labore et dolore magna aliqua. Viverra vitae congue eu consequat. Erat pellentesque adipiscing commodo elit at imperdiet dui accumsan sit. Ultrices neque ornare aenean euismod elementum. Rhoncus urna neque viverra justo nec ultrices dui sapien. Vel pretium lectus quam id. Tellus id interdum velit laoreet id donec ultrices tincidunt arcu. Sed arcu non odio euismod lacinia at quis. Risus in hendrerit gravida rutrum. Diam donec adipiscing tristique risus nec feugiat in fermentum. Varius duis at consectetur lorem.
Tellus in hac habitasse platea dictumst vestibulum rhoncus est. At erat pellentesque adipiscing commodo elit at imperdiet dui accumsan. Arcu non odio euismod lacinia at. Fermentum iaculis eu non diam. Sit amet commodo nulla facilisi. Interdum consectetur libero id faucibus nisl tincidunt eget. Maecenas ultricies mi eget mauris pharetra et. Lorem ipsum dolor sit amet consectetur adipiscing elit duis. Venenatis urna cursus eget nunc scelerisque. A arcu cursus vitae congue mauris rhoncus aenean vel. Adipiscing elit pellentesque habitant morbi tristique senectus. Adipiscing elit ut aliquam purus sit amet. Ac turpis egestas maecenas pharetra convallis posuere morbi leo.', 'Public'),
(6, 'Johana', 'https://res.cloudinary.com/pmcorrea/image/upload/v1583012228/jn4sj4kl3ldekkcy7ctj.jpg', 6, 'Goals for 2020', 'Mon, 9 Apr 2020 23:18:08 GMT', 'Lorem ipsum dolor sit amet, consectetur adipiscing elit, sed do eiusmod tempor incididunt ut labore et dolore magna aliqua. Viverra vitae congue eu consequat. Erat pellentesque adipiscing commodo elit at imperdiet dui accumsan sit. Ultrices neque ornare aenean euismod elementum. Rhoncus urna neque viverra justo nec ultrices dui sapien. Vel pretium lectus quam id. Tellus id interdum velit laoreet id donec ultrices tincidunt arcu. Sed arcu non odio euismod lacinia at quis. Risus in hendrerit gravida rutrum. Diam donec adipiscing tristique risus nec feugiat in fermentum. Varius duis at consectetur lorem.
Tellus in hac habitasse platea dictumst vestibulum rhoncus est. At erat pellentesque adipiscing commodo elit at imperdiet dui accumsan. Arcu non odio euismod lacinia at. Fermentum iaculis eu non diam. Sit amet commodo nulla facilisi. Interdum consectetur libero id faucibus nisl tincidunt eget. Maecenas ultricies mi eget mauris pharetra et. Lorem ipsum dolor sit amet consectetur adipiscing elit duis. Venenatis urna cursus eget nunc scelerisque. A arcu cursus vitae congue mauris rhoncus aenean vel. Adipiscing elit pellentesque habitant morbi tristique senectus. Adipiscing elit ut aliquam purus sit amet. Ac turpis egestas maecenas pharetra convallis posuere morbi leo.', 'Public'),
(6, 'Johana', 'https://res.cloudinary.com/pmcorrea/image/upload/v1583012228/jn4sj4kl3ldekkcy7ctj.jpg', 6, 'Tips on Productivity', 'Mon, 19 Apr 2020 23:18:08 GMT', 'Lorem ipsum dolor sit amet, consectetur adipiscing elit, sed do eiusmod tempor incididunt ut labore et dolore magna aliqua. Viverra vitae congue eu consequat. Erat pellentesque adipiscing commodo elit at imperdiet dui accumsan sit. Ultrices neque ornare aenean euismod elementum. Rhoncus urna neque viverra justo nec ultrices dui sapien. Vel pretium lectus quam id. Tellus id interdum velit laoreet id donec ultrices tincidunt arcu. Sed arcu non odio euismod lacinia at quis. Risus in hendrerit gravida rutrum. Diam donec adipiscing tristique risus nec feugiat in fermentum. Varius duis at consectetur lorem.
Tellus in hac habitasse platea dictumst vestibulum rhoncus est. At erat pellentesque adipiscing commodo elit at imperdiet dui accumsan. Arcu non odio euismod lacinia at. Fermentum iaculis eu non diam. Sit amet commodo nulla facilisi. Interdum consectetur libero id faucibus nisl tincidunt eget. Maecenas ultricies mi eget mauris pharetra et. Lorem ipsum dolor sit amet consectetur adipiscing elit duis. Venenatis urna cursus eget nunc scelerisque. A arcu cursus vitae congue mauris rhoncus aenean vel. Adipiscing elit pellentesque habitant morbi tristique senectus. Adipiscing elit ut aliquam purus sit amet. Ac turpis egestas maecenas pharetra convallis posuere morbi leo.', 'Public'),
(6, 'Johana', 'https://res.cloudinary.com/pmcorrea/image/upload/v1583012228/jn4sj4kl3ldekkcy7ctj.jpg', 6, 'Books to Read', 'Mon, 10 Apr 2020 23:18:08 GMT', 'Lorem ipsum dolor sit amet, consectetur adipiscing elit, sed do eiusmod tempor incididunt ut labore et dolore magna aliqua. Viverra vitae congue eu consequat. Erat pellentesque adipiscing commodo elit at imperdiet dui accumsan sit. Ultrices neque ornare aenean euismod elementum. Rhoncus urna neque viverra justo nec ultrices dui sapien. Vel pretium lectus quam id. Tellus id interdum velit laoreet id donec ultrices tincidunt arcu. Sed arcu non odio euismod lacinia at quis. Risus in hendrerit gravida rutrum. Diam donec adipiscing tristique risus nec feugiat in fermentum. Varius duis at consectetur lorem.
Tellus in hac habitasse platea dictumst vestibulum rhoncus est. At erat pellentesque adipiscing commodo elit at imperdiet dui accumsan. Arcu non odio euismod lacinia at. Fermentum iaculis eu non diam. Sit amet commodo nulla facilisi. Interdum consectetur libero id faucibus nisl tincidunt eget. Maecenas ultricies mi eget mauris pharetra et. Lorem ipsum dolor sit amet consectetur adipiscing elit duis. Venenatis urna cursus eget nunc scelerisque. A arcu cursus vitae congue mauris rhoncus aenean vel. Adipiscing elit pellentesque habitant morbi tristique senectus. Adipiscing elit ut aliquam purus sit amet. Ac turpis egestas maecenas pharetra convallis posuere morbi leo.', 'Public'),

(7, 'David', 'https://res.cloudinary.com/pmcorrea/image/upload/v1583012228/shxysfpv9z1cddxc2nq4.jpg', 7, 'Chicken Recipes', 'Mon, 10 Apr 2020 23:18:08 GMT', 'Lorem ipsum dolor sit amet, consectetur adipiscing elit, sed do eiusmod tempor incididunt ut labore et dolore magna aliqua. Viverra vitae congue eu consequat. Erat pellentesque adipiscing commodo elit at imperdiet dui accumsan sit. Ultrices neque ornare aenean euismod elementum. Rhoncus urna neque viverra justo nec ultrices dui sapien. Vel pretium lectus quam id. Tellus id interdum velit laoreet id donec ultrices tincidunt arcu. Sed arcu non odio euismod lacinia at quis. Risus in hendrerit gravida rutrum. Diam donec adipiscing tristique risus nec feugiat in fermentum. Varius duis at consectetur lorem.
Tellus in hac habitasse platea dictumst vestibulum rhoncus est. At erat pellentesque adipiscing commodo elit at imperdiet dui accumsan. Arcu non odio euismod lacinia at. Fermentum iaculis eu non diam. Sit amet commodo nulla facilisi. Interdum consectetur libero id faucibus nisl tincidunt eget. Maecenas ultricies mi eget mauris pharetra et. Lorem ipsum dolor sit amet consectetur adipiscing elit duis. Venenatis urna cursus eget nunc scelerisque. A arcu cursus vitae congue mauris rhoncus aenean vel. Adipiscing elit pellentesque habitant morbi tristique senectus. Adipiscing elit ut aliquam purus sit amet. Ac turpis egestas maecenas pharetra convallis posuere morbi leo.', 'Public'),
(7, 'David', 'https://res.cloudinary.com/pmcorrea/image/upload/v1583012228/shxysfpv9z1cddxc2nq4.jpg', 7, 'Docker Tutorial', 'Mon, 29 Apr 2020 23:18:08 GMT', 'Lorem ipsum dolor sit amet, consectetur adipiscing elit, sed do eiusmod tempor incididunt ut labore et dolore magna aliqua. Viverra vitae congue eu consequat. Erat pellentesque adipiscing commodo elit at imperdiet dui accumsan sit. Ultrices neque ornare aenean euismod elementum. Rhoncus urna neque viverra justo nec ultrices dui sapien. Vel pretium lectus quam id. Tellus id interdum velit laoreet id donec ultrices tincidunt arcu. Sed arcu non odio euismod lacinia at quis. Risus in hendrerit gravida rutrum. Diam donec adipiscing tristique risus nec feugiat in fermentum. Varius duis at consectetur lorem.
Tellus in hac habitasse platea dictumst vestibulum rhoncus est. At erat pellentesque adipiscing commodo elit at imperdiet dui accumsan. Arcu non odio euismod lacinia at. Fermentum iaculis eu non diam. Sit amet commodo nulla facilisi. Interdum consectetur libero id faucibus nisl tincidunt eget. Maecenas ultricies mi eget mauris pharetra et. Lorem ipsum dolor sit amet consectetur adipiscing elit duis. Venenatis urna cursus eget nunc scelerisque. A arcu cursus vitae congue mauris rhoncus aenean vel. Adipiscing elit pellentesque habitant morbi tristique senectus. Adipiscing elit ut aliquam purus sit amet. Ac turpis egestas maecenas pharetra convallis posuere morbi leo.', 'Public'),
(7, 'David', 'https://res.cloudinary.com/pmcorrea/image/upload/v1583012228/shxysfpv9z1cddxc2nq4.jpg', 7, 'Backpacking in Spain', 'Mon, 14 Apr 2020 23:18:08 GMT', 'Lorem ipsum dolor sit amet, consectetur adipiscing elit, sed do eiusmod tempor incididunt ut labore et dolore magna aliqua. Viverra vitae congue eu consequat. Erat pellentesque adipiscing commodo elit at imperdiet dui accumsan sit. Ultrices neque ornare aenean euismod elementum. Rhoncus urna neque viverra justo nec ultrices dui sapien. Vel pretium lectus quam id. Tellus id interdum velit laoreet id donec ultrices tincidunt arcu. Sed arcu non odio euismod lacinia at quis. Risus in hendrerit gravida rutrum. Diam donec adipiscing tristique risus nec feugiat in fermentum. Varius duis at consectetur lorem.
Tellus in hac habitasse platea dictumst vestibulum rhoncus est. At erat pellentesque adipiscing commodo elit at imperdiet dui accumsan. Arcu non odio euismod lacinia at. Fermentum iaculis eu non diam. Sit amet commodo nulla facilisi. Interdum consectetur libero id faucibus nisl tincidunt eget. Maecenas ultricies mi eget mauris pharetra et. Lorem ipsum dolor sit amet consectetur adipiscing elit duis. Venenatis urna cursus eget nunc scelerisque. A arcu cursus vitae congue mauris rhoncus aenean vel. Adipiscing elit pellentesque habitant morbi tristique senectus. Adipiscing elit ut aliquam purus sit amet. Ac turpis egestas maecenas pharetra convallis posuere morbi leo.', 'Public'),
(7, 'David', 'https://res.cloudinary.com/pmcorrea/image/upload/v1583012228/shxysfpv9z1cddxc2nq4.jpg', 7, 'Goals for 2020', 'Mon, 11 Apr 2020 23:18:08 GMT', 'Lorem ipsum dolor sit amet, consectetur adipiscing elit, sed do eiusmod tempor incididunt ut labore et dolore magna aliqua. Viverra vitae congue eu consequat. Erat pellentesque adipiscing commodo elit at imperdiet dui accumsan sit. Ultrices neque ornare aenean euismod elementum. Rhoncus urna neque viverra justo nec ultrices dui sapien. Vel pretium lectus quam id. Tellus id interdum velit laoreet id donec ultrices tincidunt arcu. Sed arcu non odio euismod lacinia at quis. Risus in hendrerit gravida rutrum. Diam donec adipiscing tristique risus nec feugiat in fermentum. Varius duis at consectetur lorem.
Tellus in hac habitasse platea dictumst vestibulum rhoncus est. At erat pellentesque adipiscing commodo elit at imperdiet dui accumsan. Arcu non odio euismod lacinia at. Fermentum iaculis eu non diam. Sit amet commodo nulla facilisi. Interdum consectetur libero id faucibus nisl tincidunt eget. Maecenas ultricies mi eget mauris pharetra et. Lorem ipsum dolor sit amet consectetur adipiscing elit duis. Venenatis urna cursus eget nunc scelerisque. A arcu cursus vitae congue mauris rhoncus aenean vel. Adipiscing elit pellentesque habitant morbi tristique senectus. Adipiscing elit ut aliquam purus sit amet. Ac turpis egestas maecenas pharetra convallis posuere morbi leo.', 'Public'),
(7, 'David', 'https://res.cloudinary.com/pmcorrea/image/upload/v1583012228/shxysfpv9z1cddxc2nq4.jpg', 7, 'Tips on Productivity', 'Mon, 5 Apr 2020 23:18:08 GMT', 'Lorem ipsum dolor sit amet, consectetur adipiscing elit, sed do eiusmod tempor incididunt ut labore et dolore magna aliqua. Viverra vitae congue eu consequat. Erat pellentesque adipiscing commodo elit at imperdiet dui accumsan sit. Ultrices neque ornare aenean euismod elementum. Rhoncus urna neque viverra justo nec ultrices dui sapien. Vel pretium lectus quam id. Tellus id interdum velit laoreet id donec ultrices tincidunt arcu. Sed arcu non odio euismod lacinia at quis. Risus in hendrerit gravida rutrum. Diam donec adipiscing tristique risus nec feugiat in fermentum. Varius duis at consectetur lorem.
Tellus in hac habitasse platea dictumst vestibulum rhoncus est. At erat pellentesque adipiscing commodo elit at imperdiet dui accumsan. Arcu non odio euismod lacinia at. Fermentum iaculis eu non diam. Sit amet commodo nulla facilisi. Interdum consectetur libero id faucibus nisl tincidunt eget. Maecenas ultricies mi eget mauris pharetra et. Lorem ipsum dolor sit amet consectetur adipiscing elit duis. Venenatis urna cursus eget nunc scelerisque. A arcu cursus vitae congue mauris rhoncus aenean vel. Adipiscing elit pellentesque habitant morbi tristique senectus. Adipiscing elit ut aliquam purus sit amet. Ac turpis egestas maecenas pharetra convallis posuere morbi leo.', 'Public'),
(7, 'David', 'https://res.cloudinary.com/pmcorrea/image/upload/v1583012228/shxysfpv9z1cddxc2nq4.jpg', 7, 'Books to Read', 'Mon, 13 Apr 2020 23:18:08 GMT', 'Lorem ipsum dolor sit amet, consectetur adipiscing elit, sed do eiusmod tempor incididunt ut labore et dolore magna aliqua. Viverra vitae congue eu consequat. Erat pellentesque adipiscing commodo elit at imperdiet dui accumsan sit. Ultrices neque ornare aenean euismod elementum. Rhoncus urna neque viverra justo nec ultrices dui sapien. Vel pretium lectus quam id. Tellus id interdum velit laoreet id donec ultrices tincidunt arcu. Sed arcu non odio euismod lacinia at quis. Risus in hendrerit gravida rutrum. Diam donec adipiscing tristique risus nec feugiat in fermentum. Varius duis at consectetur lorem.
Tellus in hac habitasse platea dictumst vestibulum rhoncus est. At erat pellentesque adipiscing commodo elit at imperdiet dui accumsan. Arcu non odio euismod lacinia at. Fermentum iaculis eu non diam. Sit amet commodo nulla facilisi. Interdum consectetur libero id faucibus nisl tincidunt eget. Maecenas ultricies mi eget mauris pharetra et. Lorem ipsum dolor sit amet consectetur adipiscing elit duis. Venenatis urna cursus eget nunc scelerisque. A arcu cursus vitae congue mauris rhoncus aenean vel. Adipiscing elit pellentesque habitant morbi tristique senectus. Adipiscing elit ut aliquam purus sit amet. Ac turpis egestas maecenas pharetra convallis posuere morbi leo.', 'Public'),

(8, 'Sam', 'https://res.cloudinary.com/pmcorrea/image/upload/v1583012228/ltkd3iyacomevtubcla1.jpg', 8, 'Chicken Recipes', 'Mon, 29 Apr 2020 23:18:08 GMT', 'Lorem ipsum dolor sit amet, consectetur adipiscing elit, sed do eiusmod tempor incididunt ut labore et dolore magna aliqua. Viverra vitae congue eu consequat. Erat pellentesque adipiscing commodo elit at imperdiet dui accumsan sit. Ultrices neque ornare aenean euismod elementum. Rhoncus urna neque viverra justo nec ultrices dui sapien. Vel pretium lectus quam id. Tellus id interdum velit laoreet id donec ultrices tincidunt arcu. Sed arcu non odio euismod lacinia at quis. Risus in hendrerit gravida rutrum. Diam donec adipiscing tristique risus nec feugiat in fermentum. Varius duis at consectetur lorem.
Tellus in hac habitasse platea dictumst vestibulum rhoncus est. At erat pellentesque adipiscing commodo elit at imperdiet dui accumsan. Arcu non odio euismod lacinia at. Fermentum iaculis eu non diam. Sit amet commodo nulla facilisi. Interdum consectetur libero id faucibus nisl tincidunt eget. Maecenas ultricies mi eget mauris pharetra et. Lorem ipsum dolor sit amet consectetur adipiscing elit duis. Venenatis urna cursus eget nunc scelerisque. A arcu cursus vitae congue mauris rhoncus aenean vel. Adipiscing elit pellentesque habitant morbi tristique senectus. Adipiscing elit ut aliquam purus sit amet. Ac turpis egestas maecenas pharetra convallis posuere morbi leo.', 'Public'),
(8, 'Sam', 'https://res.cloudinary.com/pmcorrea/image/upload/v1583012228/ltkd3iyacomevtubcla1.jpg', 8, 'Docker Tutorial', 'Mon, 23 Apr 2020 23:18:08 GMT', 'Lorem ipsum dolor sit amet, consectetur adipiscing elit, sed do eiusmod tempor incididunt ut labore et dolore magna aliqua. Viverra vitae congue eu consequat. Erat pellentesque adipiscing commodo elit at imperdiet dui accumsan sit. Ultrices neque ornare aenean euismod elementum. Rhoncus urna neque viverra justo nec ultrices dui sapien. Vel pretium lectus quam id. Tellus id interdum velit laoreet id donec ultrices tincidunt arcu. Sed arcu non odio euismod lacinia at quis. Risus in hendrerit gravida rutrum. Diam donec adipiscing tristique risus nec feugiat in fermentum. Varius duis at consectetur lorem.
Tellus in hac habitasse platea dictumst vestibulum rhoncus est. At erat pellentesque adipiscing commodo elit at imperdiet dui accumsan. Arcu non odio euismod lacinia at. Fermentum iaculis eu non diam. Sit amet commodo nulla facilisi. Interdum consectetur libero id faucibus nisl tincidunt eget. Maecenas ultricies mi eget mauris pharetra et. Lorem ipsum dolor sit amet consectetur adipiscing elit duis. Venenatis urna cursus eget nunc scelerisque. A arcu cursus vitae congue mauris rhoncus aenean vel. Adipiscing elit pellentesque habitant morbi tristique senectus. Adipiscing elit ut aliquam purus sit amet. Ac turpis egestas maecenas pharetra convallis posuere morbi leo.', 'Public'),
(8, 'Sam', 'https://res.cloudinary.com/pmcorrea/image/upload/v1583012228/ltkd3iyacomevtubcla1.jpg', 8, 'Backpacking in Spain', 'Mon, 20 Apr 2020 23:18:08 GMT', 'Lorem ipsum dolor sit amet, consectetur adipiscing elit, sed do eiusmod tempor incididunt ut labore et dolore magna aliqua. Viverra vitae congue eu consequat. Erat pellentesque adipiscing commodo elit at imperdiet dui accumsan sit. Ultrices neque ornare aenean euismod elementum. Rhoncus urna neque viverra justo nec ultrices dui sapien. Vel pretium lectus quam id. Tellus id interdum velit laoreet id donec ultrices tincidunt arcu. Sed arcu non odio euismod lacinia at quis. Risus in hendrerit gravida rutrum. Diam donec adipiscing tristique risus nec feugiat in fermentum. Varius duis at consectetur lorem.
Tellus in hac habitasse platea dictumst vestibulum rhoncus est. At erat pellentesque adipiscing commodo elit at imperdiet dui accumsan. Arcu non odio euismod lacinia at. Fermentum iaculis eu non diam. Sit amet commodo nulla facilisi. Interdum consectetur libero id faucibus nisl tincidunt eget. Maecenas ultricies mi eget mauris pharetra et. Lorem ipsum dolor sit amet consectetur adipiscing elit duis. Venenatis urna cursus eget nunc scelerisque. A arcu cursus vitae congue mauris rhoncus aenean vel. Adipiscing elit pellentesque habitant morbi tristique senectus. Adipiscing elit ut aliquam purus sit amet. Ac turpis egestas maecenas pharetra convallis posuere morbi leo.', 'Public'),
(8, 'Sam', 'https://res.cloudinary.com/pmcorrea/image/upload/v1583012228/ltkd3iyacomevtubcla1.jpg', 8, 'Goals for 2020', 'Mon, 17 Apr 2020 23:18:08 GMT', 'Lorem ipsum dolor sit amet, consectetur adipiscing elit, sed do eiusmod tempor incididunt ut labore et dolore magna aliqua. Viverra vitae congue eu consequat. Erat pellentesque adipiscing commodo elit at imperdiet dui accumsan sit. Ultrices neque ornare aenean euismod elementum. Rhoncus urna neque viverra justo nec ultrices dui sapien. Vel pretium lectus quam id. Tellus id interdum velit laoreet id donec ultrices tincidunt arcu. Sed arcu non odio euismod lacinia at quis. Risus in hendrerit gravida rutrum. Diam donec adipiscing tristique risus nec feugiat in fermentum. Varius duis at consectetur lorem.
Tellus in hac habitasse platea dictumst vestibulum rhoncus est. At erat pellentesque adipiscing commodo elit at imperdiet dui accumsan. Arcu non odio euismod lacinia at. Fermentum iaculis eu non diam. Sit amet commodo nulla facilisi. Interdum consectetur libero id faucibus nisl tincidunt eget. Maecenas ultricies mi eget mauris pharetra et. Lorem ipsum dolor sit amet consectetur adipiscing elit duis. Venenatis urna cursus eget nunc scelerisque. A arcu cursus vitae congue mauris rhoncus aenean vel. Adipiscing elit pellentesque habitant morbi tristique senectus. Adipiscing elit ut aliquam purus sit amet. Ac turpis egestas maecenas pharetra convallis posuere morbi leo.', 'Public'),
(8, 'Sam', 'https://res.cloudinary.com/pmcorrea/image/upload/v1583012228/ltkd3iyacomevtubcla1.jpg', 8, 'Tips on Productivity', 'Mon, 13 Apr 2020 23:18:08 GMT', 'Lorem ipsum dolor sit amet, consectetur adipiscing elit, sed do eiusmod tempor incididunt ut labore et dolore magna aliqua. Viverra vitae congue eu consequat. Erat pellentesque adipiscing commodo elit at imperdiet dui accumsan sit. Ultrices neque ornare aenean euismod elementum. Rhoncus urna neque viverra justo nec ultrices dui sapien. Vel pretium lectus quam id. Tellus id interdum velit laoreet id donec ultrices tincidunt arcu. Sed arcu non odio euismod lacinia at quis. Risus in hendrerit gravida rutrum. Diam donec adipiscing tristique risus nec feugiat in fermentum. Varius duis at consectetur lorem.
Tellus in hac habitasse platea dictumst vestibulum rhoncus est. At erat pellentesque adipiscing commodo elit at imperdiet dui accumsan. Arcu non odio euismod lacinia at. Fermentum iaculis eu non diam. Sit amet commodo nulla facilisi. Interdum consectetur libero id faucibus nisl tincidunt eget. Maecenas ultricies mi eget mauris pharetra et. Lorem ipsum dolor sit amet consectetur adipiscing elit duis. Venenatis urna cursus eget nunc scelerisque. A arcu cursus vitae congue mauris rhoncus aenean vel. Adipiscing elit pellentesque habitant morbi tristique senectus. Adipiscing elit ut aliquam purus sit amet. Ac turpis egestas maecenas pharetra convallis posuere morbi leo.', 'Public'),
(8, 'Sam', 'https://res.cloudinary.com/pmcorrea/image/upload/v1583012228/ltkd3iyacomevtubcla1.jpg', 8, 'Books to Read', 'Mon, 8 Apr 2020 23:18:08 GMT', 'Lorem ipsum dolor sit amet, consectetur adipiscing elit, sed do eiusmod tempor incididunt ut labore et dolore magna aliqua. Viverra vitae congue eu consequat. Erat pellentesque adipiscing commodo elit at imperdiet dui accumsan sit. Ultrices neque ornare aenean euismod elementum. Rhoncus urna neque viverra justo nec ultrices dui sapien. Vel pretium lectus quam id. Tellus id interdum velit laoreet id donec ultrices tincidunt arcu. Sed arcu non odio euismod lacinia at quis. Risus in hendrerit gravida rutrum. Diam donec adipiscing tristique risus nec feugiat in fermentum. Varius duis at consectetur lorem.
Tellus in hac habitasse platea dictumst vestibulum rhoncus est. At erat pellentesque adipiscing commodo elit at imperdiet dui accumsan. Arcu non odio euismod lacinia at. Fermentum iaculis eu non diam. Sit amet commodo nulla facilisi. Interdum consectetur libero id faucibus nisl tincidunt eget. Maecenas ultricies mi eget mauris pharetra et. Lorem ipsum dolor sit amet consectetur adipiscing elit duis. Venenatis urna cursus eget nunc scelerisque. A arcu cursus vitae congue mauris rhoncus aenean vel. Adipiscing elit pellentesque habitant morbi tristique senectus. Adipiscing elit ut aliquam purus sit amet. Ac turpis egestas maecenas pharetra convallis posuere morbi leo.', 'Public'),

(9, 'Jessica', 'https://res.cloudinary.com/pmcorrea/image/upload/v1583012228/fo9truzqb2muj0tyf8iq.jpg', 9, 'Chicken Recipes', 'Mon, 8 Apr 2020 23:18:08 GMT', 'Lorem ipsum dolor sit amet, consectetur adipiscing elit, sed do eiusmod tempor incididunt ut labore et dolore magna aliqua. Viverra vitae congue eu consequat. Erat pellentesque adipiscing commodo elit at imperdiet dui accumsan sit. Ultrices neque ornare aenean euismod elementum. Rhoncus urna neque viverra justo nec ultrices dui sapien. Vel pretium lectus quam id. Tellus id interdum velit laoreet id donec ultrices tincidunt arcu. Sed arcu non odio euismod lacinia at quis. Risus in hendrerit gravida rutrum. Diam donec adipiscing tristique risus nec feugiat in fermentum. Varius duis at consectetur lorem.
Tellus in hac habitasse platea dictumst vestibulum rhoncus est. At erat pellentesque adipiscing commodo elit at imperdiet dui accumsan. Arcu non odio euismod lacinia at. Fermentum iaculis eu non diam. Sit amet commodo nulla facilisi. Interdum consectetur libero id faucibus nisl tincidunt eget. Maecenas ultricies mi eget mauris pharetra et. Lorem ipsum dolor sit amet consectetur adipiscing elit duis. Venenatis urna cursus eget nunc scelerisque. A arcu cursus vitae congue mauris rhoncus aenean vel. Adipiscing elit pellentesque habitant morbi tristique senectus. Adipiscing elit ut aliquam purus sit amet. Ac turpis egestas maecenas pharetra convallis posuere morbi leo.', 'Public'),
(9, 'Jessica', 'https://res.cloudinary.com/pmcorrea/image/upload/v1583012228/fo9truzqb2muj0tyf8iq.jpg', 9, 'Docker Tutorial', 'Mon, 1 Apr 2020 23:18:08 GMT', 'Lorem ipsum dolor sit amet, consectetur adipiscing elit, sed do eiusmod tempor incididunt ut labore et dolore magna aliqua. Viverra vitae congue eu consequat. Erat pellentesque adipiscing commodo elit at imperdiet dui accumsan sit. Ultrices neque ornare aenean euismod elementum. Rhoncus urna neque viverra justo nec ultrices dui sapien. Vel pretium lectus quam id. Tellus id interdum velit laoreet id donec ultrices tincidunt arcu. Sed arcu non odio euismod lacinia at quis. Risus in hendrerit gravida rutrum. Diam donec adipiscing tristique risus nec feugiat in fermentum. Varius duis at consectetur lorem.
Tellus in hac habitasse platea dictumst vestibulum rhoncus est. At erat pellentesque adipiscing commodo elit at imperdiet dui accumsan. Arcu non odio euismod lacinia at. Fermentum iaculis eu non diam. Sit amet commodo nulla facilisi. Interdum consectetur libero id faucibus nisl tincidunt eget. Maecenas ultricies mi eget mauris pharetra et. Lorem ipsum dolor sit amet consectetur adipiscing elit duis. Venenatis urna cursus eget nunc scelerisque. A arcu cursus vitae congue mauris rhoncus aenean vel. Adipiscing elit pellentesque habitant morbi tristique senectus. Adipiscing elit ut aliquam purus sit amet. Ac turpis egestas maecenas pharetra convallis posuere morbi leo.', 'Public'),
(9, 'Jessica', 'https://res.cloudinary.com/pmcorrea/image/upload/v1583012228/fo9truzqb2muj0tyf8iq.jpg', 9, 'Backpacking in Spain', 'Mon, 3 Apr 2020 23:18:08 GMT', 'Lorem ipsum dolor sit amet, consectetur adipiscing elit, sed do eiusmod tempor incididunt ut labore et dolore magna aliqua. Viverra vitae congue eu consequat. Erat pellentesque adipiscing commodo elit at imperdiet dui accumsan sit. Ultrices neque ornare aenean euismod elementum. Rhoncus urna neque viverra justo nec ultrices dui sapien. Vel pretium lectus quam id. Tellus id interdum velit laoreet id donec ultrices tincidunt arcu. Sed arcu non odio euismod lacinia at quis. Risus in hendrerit gravida rutrum. Diam donec adipiscing tristique risus nec feugiat in fermentum. Varius duis at consectetur lorem.
Tellus in hac habitasse platea dictumst vestibulum rhoncus est. At erat pellentesque adipiscing commodo elit at imperdiet dui accumsan. Arcu non odio euismod lacinia at. Fermentum iaculis eu non diam. Sit amet commodo nulla facilisi. Interdum consectetur libero id faucibus nisl tincidunt eget. Maecenas ultricies mi eget mauris pharetra et. Lorem ipsum dolor sit amet consectetur adipiscing elit duis. Venenatis urna cursus eget nunc scelerisque. A arcu cursus vitae congue mauris rhoncus aenean vel. Adipiscing elit pellentesque habitant morbi tristique senectus. Adipiscing elit ut aliquam purus sit amet. Ac turpis egestas maecenas pharetra convallis posuere morbi leo.', 'Public'),
(9, 'Jessica', 'https://res.cloudinary.com/pmcorrea/image/upload/v1583012228/fo9truzqb2muj0tyf8iq.jpg', 9, 'Goals for 2020', 'Mon, 13 Apr 2020 23:18:08 GMT', 'Lorem ipsum dolor sit amet, consectetur adipiscing elit, sed do eiusmod tempor incididunt ut labore et dolore magna aliqua. Viverra vitae congue eu consequat. Erat pellentesque adipiscing commodo elit at imperdiet dui accumsan sit. Ultrices neque ornare aenean euismod elementum. Rhoncus urna neque viverra justo nec ultrices dui sapien. Vel pretium lectus quam id. Tellus id interdum velit laoreet id donec ultrices tincidunt arcu. Sed arcu non odio euismod lacinia at quis. Risus in hendrerit gravida rutrum. Diam donec adipiscing tristique risus nec feugiat in fermentum. Varius duis at consectetur lorem.
Tellus in hac habitasse platea dictumst vestibulum rhoncus est. At erat pellentesque adipiscing commodo elit at imperdiet dui accumsan. Arcu non odio euismod lacinia at. Fermentum iaculis eu non diam. Sit amet commodo nulla facilisi. Interdum consectetur libero id faucibus nisl tincidunt eget. Maecenas ultricies mi eget mauris pharetra et. Lorem ipsum dolor sit amet consectetur adipiscing elit duis. Venenatis urna cursus eget nunc scelerisque. A arcu cursus vitae congue mauris rhoncus aenean vel. Adipiscing elit pellentesque habitant morbi tristique senectus. Adipiscing elit ut aliquam purus sit amet. Ac turpis egestas maecenas pharetra convallis posuere morbi leo.', 'Public'),
(9, 'Jessica', 'https://res.cloudinary.com/pmcorrea/image/upload/v1583012228/fo9truzqb2muj0tyf8iq.jpg', 9, 'Tips on Productivity', 'Mon, 17 Apr 2020 23:18:08 GMT', 'Lorem ipsum dolor sit amet, consectetur adipiscing elit, sed do eiusmod tempor incididunt ut labore et dolore magna aliqua. Viverra vitae congue eu consequat. Erat pellentesque adipiscing commodo elit at imperdiet dui accumsan sit. Ultrices neque ornare aenean euismod elementum. Rhoncus urna neque viverra justo nec ultrices dui sapien. Vel pretium lectus quam id. Tellus id interdum velit laoreet id donec ultrices tincidunt arcu. Sed arcu non odio euismod lacinia at quis. Risus in hendrerit gravida rutrum. Diam donec adipiscing tristique risus nec feugiat in fermentum. Varius duis at consectetur lorem.
Tellus in hac habitasse platea dictumst vestibulum rhoncus est. At erat pellentesque adipiscing commodo elit at imperdiet dui accumsan. Arcu non odio euismod lacinia at. Fermentum iaculis eu non diam. Sit amet commodo nulla facilisi. Interdum consectetur libero id faucibus nisl tincidunt eget. Maecenas ultricies mi eget mauris pharetra et. Lorem ipsum dolor sit amet consectetur adipiscing elit duis. Venenatis urna cursus eget nunc scelerisque. A arcu cursus vitae congue mauris rhoncus aenean vel. Adipiscing elit pellentesque habitant morbi tristique senectus. Adipiscing elit ut aliquam purus sit amet. Ac turpis egestas maecenas pharetra convallis posuere morbi leo.', 'Public'),
(9, 'Jessica', 'https://res.cloudinary.com/pmcorrea/image/upload/v1583012228/fo9truzqb2muj0tyf8iq.jpg', 9, 'Books to Read', 'Mon, 27 Apr 2020 23:18:08 GMT', 'Lorem ipsum dolor sit amet, consectetur adipiscing elit, sed do eiusmod tempor incididunt ut labore et dolore magna aliqua. Viverra vitae congue eu consequat. Erat pellentesque adipiscing commodo elit at imperdiet dui accumsan sit. Ultrices neque ornare aenean euismod elementum. Rhoncus urna neque viverra justo nec ultrices dui sapien. Vel pretium lectus quam id. Tellus id interdum velit laoreet id donec ultrices tincidunt arcu. Sed arcu non odio euismod lacinia at quis. Risus in hendrerit gravida rutrum. Diam donec adipiscing tristique risus nec feugiat in fermentum. Varius duis at consectetur lorem.
Tellus in hac habitasse platea dictumst vestibulum rhoncus est. At erat pellentesque adipiscing commodo elit at imperdiet dui accumsan. Arcu non odio euismod lacinia at. Fermentum iaculis eu non diam. Sit amet commodo nulla facilisi. Interdum consectetur libero id faucibus nisl tincidunt eget. Maecenas ultricies mi eget mauris pharetra et. Lorem ipsum dolor sit amet consectetur adipiscing elit duis. Venenatis urna cursus eget nunc scelerisque. A arcu cursus vitae congue mauris rhoncus aenean vel. Adipiscing elit pellentesque habitant morbi tristique senectus. Adipiscing elit ut aliquam purus sit amet. Ac turpis egestas maecenas pharetra convallis posuere morbi leo.', 'Public'),

(10, 'Michael', 'https://res.cloudinary.com/pmcorrea/image/upload/v1583012228/yc23ciwgahwh4kc5jacz.jpg', 10, 'Chicken Recipes', 'Mon, 27 Apr 2020 23:18:08 GMT', 'Lorem ipsum dolor sit amet, consectetur adipiscing elit, sed do eiusmod tempor incididunt ut labore et dolore magna aliqua. Viverra vitae congue eu consequat. Erat pellentesque adipiscing commodo elit at imperdiet dui accumsan sit. Ultrices neque ornare aenean euismod elementum. Rhoncus urna neque viverra justo nec ultrices dui sapien. Vel pretium lectus quam id. Tellus id interdum velit laoreet id donec ultrices tincidunt arcu. Sed arcu non odio euismod lacinia at quis. Risus in hendrerit gravida rutrum. Diam donec adipiscing tristique risus nec feugiat in fermentum. Varius duis at consectetur lorem.
Tellus in hac habitasse platea dictumst vestibulum rhoncus est. At erat pellentesque adipiscing commodo elit at imperdiet dui accumsan. Arcu non odio euismod lacinia at. Fermentum iaculis eu non diam. Sit amet commodo nulla facilisi. Interdum consectetur libero id faucibus nisl tincidunt eget. Maecenas ultricies mi eget mauris pharetra et. Lorem ipsum dolor sit amet consectetur adipiscing elit duis. Venenatis urna cursus eget nunc scelerisque. A arcu cursus vitae congue mauris rhoncus aenean vel. Adipiscing elit pellentesque habitant morbi tristique senectus. Adipiscing elit ut aliquam purus sit amet. Ac turpis egestas maecenas pharetra convallis posuere morbi leo.', 'Public'),
(10, 'Michael', 'https://res.cloudinary.com/pmcorrea/image/upload/v1583012228/yc23ciwgahwh4kc5jacz.jpg', 10, 'Docker Tutorial', 'Mon, 2 Apr 2020 23:18:08 GMT', 'Lorem ipsum dolor sit amet, consectetur adipiscing elit, sed do eiusmod tempor incididunt ut labore et dolore magna aliqua. Viverra vitae congue eu consequat. Erat pellentesque adipiscing commodo elit at imperdiet dui accumsan sit. Ultrices neque ornare aenean euismod elementum. Rhoncus urna neque viverra justo nec ultrices dui sapien. Vel pretium lectus quam id. Tellus id interdum velit laoreet id donec ultrices tincidunt arcu. Sed arcu non odio euismod lacinia at quis. Risus in hendrerit gravida rutrum. Diam donec adipiscing tristique risus nec feugiat in fermentum. Varius duis at consectetur lorem.
Tellus in hac habitasse platea dictumst vestibulum rhoncus est. At erat pellentesque adipiscing commodo elit at imperdiet dui accumsan. Arcu non odio euismod lacinia at. Fermentum iaculis eu non diam. Sit amet commodo nulla facilisi. Interdum consectetur libero id faucibus nisl tincidunt eget. Maecenas ultricies mi eget mauris pharetra et. Lorem ipsum dolor sit amet consectetur adipiscing elit duis. Venenatis urna cursus eget nunc scelerisque. A arcu cursus vitae congue mauris rhoncus aenean vel. Adipiscing elit pellentesque habitant morbi tristique senectus. Adipiscing elit ut aliquam purus sit amet. Ac turpis egestas maecenas pharetra convallis posuere morbi leo.', 'Public'),
(10, 'Michael', 'https://res.cloudinary.com/pmcorrea/image/upload/v1583012228/yc23ciwgahwh4kc5jacz.jpg', 10, 'Backpacking in Spain', 'Mon, 9 Apr 2020 23:18:08 GMT', 'Lorem ipsum dolor sit amet, consectetur adipiscing elit, sed do eiusmod tempor incididunt ut labore et dolore magna aliqua. Viverra vitae congue eu consequat. Erat pellentesque adipiscing commodo elit at imperdiet dui accumsan sit. Ultrices neque ornare aenean euismod elementum. Rhoncus urna neque viverra justo nec ultrices dui sapien. Vel pretium lectus quam id. Tellus id interdum velit laoreet id donec ultrices tincidunt arcu. Sed arcu non odio euismod lacinia at quis. Risus in hendrerit gravida rutrum. Diam donec adipiscing tristique risus nec feugiat in fermentum. Varius duis at consectetur lorem.
Tellus in hac habitasse platea dictumst vestibulum rhoncus est. At erat pellentesque adipiscing commodo elit at imperdiet dui accumsan. Arcu non odio euismod lacinia at. Fermentum iaculis eu non diam. Sit amet commodo nulla facilisi. Interdum consectetur libero id faucibus nisl tincidunt eget. Maecenas ultricies mi eget mauris pharetra et. Lorem ipsum dolor sit amet consectetur adipiscing elit duis. Venenatis urna cursus eget nunc scelerisque. A arcu cursus vitae congue mauris rhoncus aenean vel. Adipiscing elit pellentesque habitant morbi tristique senectus. Adipiscing elit ut aliquam purus sit amet. Ac turpis egestas maecenas pharetra convallis posuere morbi leo.', 'Public'),
(10, 'Michael', 'https://res.cloudinary.com/pmcorrea/image/upload/v1583012228/yc23ciwgahwh4kc5jacz.jpg', 10, 'Goals for 2020', 'Mon, 15 Apr 2020 23:18:08 GMT', 'Lorem ipsum dolor sit amet, consectetur adipiscing elit, sed do eiusmod tempor incididunt ut labore et dolore magna aliqua. Viverra vitae congue eu consequat. Erat pellentesque adipiscing commodo elit at imperdiet dui accumsan sit. Ultrices neque ornare aenean euismod elementum. Rhoncus urna neque viverra justo nec ultrices dui sapien. Vel pretium lectus quam id. Tellus id interdum velit laoreet id donec ultrices tincidunt arcu. Sed arcu non odio euismod lacinia at quis. Risus in hendrerit gravida rutrum. Diam donec adipiscing tristique risus nec feugiat in fermentum. Varius duis at consectetur lorem.
Tellus in hac habitasse platea dictumst vestibulum rhoncus est. At erat pellentesque adipiscing commodo elit at imperdiet dui accumsan. Arcu non odio euismod lacinia at. Fermentum iaculis eu non diam. Sit amet commodo nulla facilisi. Interdum consectetur libero id faucibus nisl tincidunt eget. Maecenas ultricies mi eget mauris pharetra et. Lorem ipsum dolor sit amet consectetur adipiscing elit duis. Venenatis urna cursus eget nunc scelerisque. A arcu cursus vitae congue mauris rhoncus aenean vel. Adipiscing elit pellentesque habitant morbi tristique senectus. Adipiscing elit ut aliquam purus sit amet. Ac turpis egestas maecenas pharetra convallis posuere morbi leo.', 'Public'),
(10, 'Michael', 'https://res.cloudinary.com/pmcorrea/image/upload/v1583012228/yc23ciwgahwh4kc5jacz.jpg', 10, 'Tips on Productivity', 'Mon, 20 Apr 2020 23:18:08 GMT', 'Lorem ipsum dolor sit amet, consectetur adipiscing elit, sed do eiusmod tempor incididunt ut labore et dolore magna aliqua. Viverra vitae congue eu consequat. Erat pellentesque adipiscing commodo elit at imperdiet dui accumsan sit. Ultrices neque ornare aenean euismod elementum. Rhoncus urna neque viverra justo nec ultrices dui sapien. Vel pretium lectus quam id. Tellus id interdum velit laoreet id donec ultrices tincidunt arcu. Sed arcu non odio euismod lacinia at quis. Risus in hendrerit gravida rutrum. Diam donec adipiscing tristique risus nec feugiat in fermentum. Varius duis at consectetur lorem.
Tellus in hac habitasse platea dictumst vestibulum rhoncus est. At erat pellentesque adipiscing commodo elit at imperdiet dui accumsan. Arcu non odio euismod lacinia at. Fermentum iaculis eu non diam. Sit amet commodo nulla facilisi. Interdum consectetur libero id faucibus nisl tincidunt eget. Maecenas ultricies mi eget mauris pharetra et. Lorem ipsum dolor sit amet consectetur adipiscing elit duis. Venenatis urna cursus eget nunc scelerisque. A arcu cursus vitae congue mauris rhoncus aenean vel. Adipiscing elit pellentesque habitant morbi tristique senectus. Adipiscing elit ut aliquam purus sit amet. Ac turpis egestas maecenas pharetra convallis posuere morbi leo.', 'Public'),
(10, 'Michael', 'https://res.cloudinary.com/pmcorrea/image/upload/v1583012228/yc23ciwgahwh4kc5jacz.jpg', 10, 'Books to Read', 'Mon, 21 Apr 2020 23:18:08 GMT', 'Lorem ipsum dolor sit amet, consectetur adipiscing elit, sed do eiusmod tempor incididunt ut labore et dolore magna aliqua. Viverra vitae congue eu consequat. Erat pellentesque adipiscing commodo elit at imperdiet dui accumsan sit. Ultrices neque ornare aenean euismod elementum. Rhoncus urna neque viverra justo nec ultrices dui sapien. Vel pretium lectus quam id. Tellus id interdum velit laoreet id donec ultrices tincidunt arcu. Sed arcu non odio euismod lacinia at quis. Risus in hendrerit gravida rutrum. Diam donec adipiscing tristique risus nec feugiat in fermentum. Varius duis at consectetur lorem.
Tellus in hac habitasse platea dictumst vestibulum rhoncus est. At erat pellentesque adipiscing commodo elit at imperdiet dui accumsan. Arcu non odio euismod lacinia at. Fermentum iaculis eu non diam. Sit amet commodo nulla facilisi. Interdum consectetur libero id faucibus nisl tincidunt eget. Maecenas ultricies mi eget mauris pharetra et. Lorem ipsum dolor sit amet consectetur adipiscing elit duis. Venenatis urna cursus eget nunc scelerisque. A arcu cursus vitae congue mauris rhoncus aenean vel. Adipiscing elit pellentesque habitant morbi tristique senectus. Adipiscing elit ut aliquam purus sit amet. Ac turpis egestas maecenas pharetra convallis posuere morbi leo.', 'Public');

  COMMIT;